Trade number,Type,Date and time,Signal,Price USD,Size (qty),Size (value),Net PnL USD,Net PnL %,Favorable excursion USD,Favorable excursion %,Adverse excursion USD,Adverse excursion %,Cumulative PnL USD,Cumulative PnL %
1,Exit short,2023-09-14 06:25,MS-Exit,1929.4,1,19273,-24,-0.12,8.5,0.04,-22.5,-0.12,-24,-0.05
1,Entry short,2023-09-14 03:10,M-Short,1927.3,1,19273,-24,-0.12,8.5,0.04,-22.5,-0.12,-24,-0.05
2,Exit short,2023-09-14 10:45,MS-Exit,1929.6,1,19223,-76,-0.40,3.5,0.02,-74.5,-0.39,-100,-0.20
2,Entry short,2023-09-14 10:05,M-Short,1922.3,1,19223,-76,-0.40,3.5,0.02,-74.5,-0.39,-100,-0.20
3,Exit short,2023-09-18 11:45,MS-Exit,1950.5,1,19480,-28,-0.14,40.5,0.21,-26.5,-0.14,-128,-0.26
3,Entry short,2023-09-18 03:40,M-Short,1948,1,19480,-28,-0.14,40.5,0.21,-26.5,-0.14,-128,-0.26
4,Exit short,2023-09-22 09:05,MS-Exit,1946.7,1,19445,-25,-0.13,6.5,0.03,-23.5,-0.12,-153,-0.31
4,Entry short,2023-09-22 06:15,M-Short,1944.5,1,19445,-25,-0.13,6.5,0.03,-23.5,-0.12,-153,-0.31
5,Exit short,2023-09-25 02:45,MS-Exit,1942.7,1,19409,-21,-0.11,5.5,0.03,-19.5,-0.10,-174,-0.35
5,Entry short,2023-09-25 02:05,M-Short,1940.9,1,19409,-21,-0.11,5.5,0.03,-19.5,-0.10,-174,-0.35
6,Exit short,2023-09-27 08:00,MS-Exit,1909.9,1,19376,274,1.41,275.5,1.42,-11.5,-0.06,100,0.20
6,Entry short,2023-09-25 10:20,M-Short,1937.6,1,19376,274,1.41,275.5,1.42,-11.5,-0.06,100,0.20
7,Exit short,2023-09-29 09:10,MS-Exit,1894.5,1,18879,-69,-0.37,132.5,0.70,-67.5,-0.36,31,0.06
7,Entry short,2023-09-28 10:35,M-Short,1887.9,1,18879,-69,-0.37,132.5,0.70,-67.5,-0.36,31,0.06
8,Exit short,2023-10-02 01:50,MS-Exit,1855.1,1,18741,187,1.00,188.5,1.01,-5.5,-0.03,218,0.44
8,Entry short,2023-09-29 11:05,M-Short,1874.1,1,18741,187,1.00,188.5,1.01,-5.5,-0.03,218,0.44
9,Exit short,2023-10-02 19:15,MS-Exit,1837.6,1,18562,183,0.99,184.5,0.99,-29.5,-0.16,401,0.80
9,Entry short,2023-10-02 03:45,M-Short,1856.2,1,18562,183,0.99,184.5,0.99,-29.5,-0.16,401,0.80
10,Exit short,2023-10-05 08:35,MS-Exit,1829.8,1,18390,89,0.48,90.5,0.49,-3.5,-0.02,490,0.98
10,Entry short,2023-10-05 02:05,M-Short,1839,1,18390,89,0.48,90.5,0.49,-3.5,-0.02,490,0.98
11,Exit short,2023-10-05 18:05,MS-Exit,1835.4,1,18287,-70,-0.38,5.5,0.03,-68.5,-0.37,420,0.84
11,Entry short,2023-10-05 11:50,M-Short,1828.7,1,18287,-70,-0.38,5.5,0.03,-68.5,-0.37,420,0.84
12,Exit short,2023-10-09 11:05,MS-Exit,1866.4,1,18622,-45,-0.24,45.5,0.24,-43.5,-0.23,375,0.75
12,Entry short,2023-10-09 03:20,M-Short,1862.2,1,18622,-45,-0.24,45.5,0.24,-43.5,-0.23,375,0.75
13,Exit short,2023-10-10 10:15,MS-Exit,1871.9,1,18687,-35,-0.19,25.5,0.14,-33.5,-0.18,340,0.68
13,Entry short,2023-10-10 07:10,M-Short,1868.7,1,18687,-35,-0.19,25.5,0.14,-33.5,-0.18,340,0.68
14,Exit short,2023-10-13 03:20,MS-Exit,1892.2,1,18880,-45,-0.24,74.5,0.39,-43.5,-0.23,295,0.59
14,Entry short,2023-10-12 10:05,M-Short,1888,1,18880,-45,-0.24,74.5,0.39,-43.5,-0.23,295,0.59
15,Exit long,2023-10-17 06:10,WL-Exit,1936.7,1,19294,70,0.36,71.5,0.37,-13.5,-0.07,365,0.73
15,Entry long,2023-10-17 02:05,W-Long,1929.4,1,19294,70,0.36,71.5,0.37,-13.5,-0.07,365,0.73
16,Exit long,2023-10-17 08:30,WL-Exit,1934,1,19382,-45,-0.23,34.5,0.18,-43.5,-0.22,320,0.64
16,Entry long,2023-10-17 06:15,W-Long,1938.2,1,19382,-45,-0.23,34.5,0.18,-43.5,-0.22,320,0.64
17,Exit long,2023-10-19 12:00,WL-Exit,1973.1,1,19639,89,0.45,90.5,0.46,-26.5,-0.13,409,0.82
17,Entry long,2023-10-19 08:00,W-Long,1963.9,1,19639,89,0.45,90.5,0.46,-26.5,-0.13,409,0.82
18,Exit long,2023-10-20 07:45,WL-Exit,1989.3,1,19937,-47,-0.24,37.5,0.19,-45.5,-0.23,362,0.72
18,Entry long,2023-10-20 03:40,W-Long,1993.7,1,19937,-47,-0.24,37.5,0.19,-45.5,-0.23,362,0.72
19,Exit long,2023-10-20 13:15,WL-Exit,1988,1,19991,-114,-0.57,99.5,0.50,-112.5,-0.56,248,0.50
19,Entry long,2023-10-20 10:00,W-Long,1999.1,1,19991,-114,-0.57,99.5,0.50,-112.5,-0.56,248,0.50
20,Exit long,2023-10-23 05:10,WL-Exit,1991.6,1,19941,-28,-0.14,0.5,0.00,-26.5,-0.13,220,0.44
20,Entry long,2023-10-23 05:05,W-Long,1994.1,1,19941,-28,-0.14,0.5,0.00,-26.5,-0.13,220,0.44
21,Exit long,2023-10-24 03:35,WL-Exit,1986.3,1,19896,-36,-0.18,6.5,0.03,-34.5,-0.17,184,0.37
21,Entry long,2023-10-24 03:05,W-Long,1989.6,1,19896,-36,-0.18,6.5,0.03,-34.5,-0.17,184,0.37
22,Exit long,2023-10-26 07:35,WL-Exit,1995.7,1,19990,-36,-0.18,44.5,0.22,-34.5,-0.17,148,0.30
22,Entry long,2023-10-26 03:45,W-Long,1999,1,19990,-36,-0.18,44.5,0.22,-34.5,-0.17,148,0.30
23,Exit long,2023-10-27 06:50,WL-Exit,1991.5,1,19963,-51,-0.26,34.5,0.17,-49.5,-0.25,97,0.19
23,Entry long,2023-10-26 13:05,W-Long,1996.3,1,19963,-51,-0.26,34.5,0.17,-49.5,-0.25,97,0.19
24,Exit long,2023-10-27 14:05,WL-Exit,2010.1,1,19942,156,0.78,157.5,0.79,-7.5,-0.04,253,0.51
24,Entry long,2023-10-27 13:10,W-Long,1994.2,1,19942,156,0.78,157.5,0.79,-7.5,-0.04,253,0.51
25,Exit long,2023-10-30 10:40,WL-Exit,2002.4,1,20095,-74,-0.37,27.5,0.14,-72.5,-0.36,179,0.36
25,Entry long,2023-10-30 08:35,W-Long,2009.5,1,20095,-74,-0.37,27.5,0.14,-72.5,-0.36,179,0.36
26,Exit long,2023-10-31 12:05,WL-Exit,2001.1,1,20053,-45,-0.22,120.5,0.60,-43.5,-0.22,134,0.27
26,Entry long,2023-10-31 03:05,W-Long,2005.3,1,20053,-45,-0.22,120.5,0.60,-43.5,-0.22,134,0.27
27,Exit long,2023-11-02 09:30,WL-Exit,1991.1,1,19955,-47,-0.24,35.5,0.18,-45.5,-0.23,87,0.17
27,Entry long,2023-11-02 04:40,W-Long,1995.5,1,19955,-47,-0.24,35.5,0.18,-45.5,-0.23,87,0.17
28,Exit long,2023-11-03 03:40,WL-Exit,1994.2,1,19964,-25,-0.13,0,0.00,-23.5,-0.12,62,0.12
28,Entry long,2023-11-03 03:25,W-Long,1996.4,1,19964,-25,-0.13,0,0.00,-23.5,-0.12,62,0.12
29,Exit long,2023-11-03 08:25,WL-Exit,1993.1,1,19971,-43,-0.22,13.5,0.07,-41.5,-0.21,19,0.04
29,Entry long,2023-11-03 05:05,W-Long,1997.1,1,19971,-43,-0.22,13.5,0.07,-41.5,-0.21,19,0.04
30,Exit long,2023-11-06 10:55,WL-Exit,1989,1,19941,-54,-0.27,21.5,0.11,-52.5,-0.26,-35,-0.07
30,Entry long,2023-11-06 03:30,W-Long,1994.1,1,19941,-54,-0.27,21.5,0.11,-52.5,-0.26,-35,-0.07
31,Exit long,2023-11-10 06:30,WL-Exit,1952.5,1,19582,-60,-0.31,129.5,0.66,-58.5,-0.30,-95,-0.19
31,Entry long,2023-11-09 09:35,W-Long,1958.2,1,19582,-60,-0.31,129.5,0.66,-58.5,-0.30,-95,-0.19
32,Exit short,2023-11-13 10:55,MS-Exit,1942.9,1,19408,-24,-0.12,51.5,0.27,-22.5,-0.12,-119,-0.24
32,Entry short,2023-11-13 07:10,M-Short,1940.8,1,19408,-24,-0.12,51.5,0.27,-22.5,-0.12,-119,-0.24
33,Exit long,2023-11-17 09:35,WL-Exit,1984.9,1,19891,-45,-0.23,71.5,0.36,-43.5,-0.22,-164,-0.33
33,Entry long,2023-11-17 02:50,W-Long,1989.1,1,19891,-45,-0.23,71.5,0.36,-43.5,-0.22,-164,-0.33
34,Exit long,2023-11-20 12:40,WL-Exit,1974.9,1,19785,-39,-0.20,0,0.00,-37.5,-0.19,-203,-0.41
34,Entry long,2023-11-20 12:20,W-Long,1978.5,1,19785,-39,-0.20,0,0.00,-37.5,-0.19,-203,-0.41
35,Exit long,2023-11-21 03:40,WL-Exit,1992.2,1,19949,-30,-0.15,12.5,0.06,-28.5,-0.14,-233,-0.47
35,Entry long,2023-11-21 02:35,W-Long,1994.9,1,19949,-30,-0.15,12.5,0.06,-28.5,-0.14,-233,-0.47
36,Exit long,2023-11-21 08:30,WL-Exit,2002.1,1,19922,96,0.48,97.5,0.49,-6.5,-0.03,-137,-0.27
36,Entry long,2023-11-21 08:05,W-Long,1992.2,1,19922,96,0.48,97.5,0.49,-6.5,-0.03,-137,-0.27
37,Exit long,2023-11-24 08:25,WL-Exit,1998.4,1,19945,36,0.18,37.5,0.19,-7.5,-0.04,-101,-0.20
37,Entry long,2023-11-24 04:20,W-Long,1994.5,1,19945,36,0.18,37.5,0.19,-7.5,-0.04,-101,-0.20
38,Exit long,2023-11-26 20:25,WL-Exit,2016.3,1,20031,129,0.64,130.5,0.65,-23.5,-0.12,28,0.06
38,Entry long,2023-11-24 12:30,W-Long,2003.1,1,20031,129,0.64,130.5,0.65,-23.5,-0.12,28,0.06
39,Exit long,2023-11-27 10:05,WL-Exit,2009.3,1,20113,-23,-0.11,60.5,0.30,-21.5,-0.11,5,0.01
39,Entry long,2023-11-27 02:30,W-Long,2011.3,1,20113,-23,-0.11,60.5,0.30,-21.5,-0.11,5,0.01
40,Exit long,2023-11-28 18:00,WL-Exit,2062.6,1,20312,311,1.53,312.5,1.54,-13.5,-0.07,316,0.63
40,Entry long,2023-11-28 10:45,W-Long,2031.2,1,20312,311,1.53,312.5,1.54,-13.5,-0.07,316,0.63
41,Exit long,2023-12-01 05:25,WL-Exit,2064.2,1,20678,-39,-0.19,2.5,0.01,-37.5,-0.18,277,0.55
41,Entry long,2023-12-01 04:45,W-Long,2067.8,1,20678,-39,-0.19,2.5,0.01,-37.5,-0.18,277,0.55
42,Exit long,2023-12-03 18:15,WL-Exit,2108.7,1,20671,413,2.00,414.5,2.01,-32.5,-0.16,690,1.38
42,Entry long,2023-12-01 10:20,W-Long,2067.1,1,20671,413,2.00,414.5,2.01,-32.5,-0.16,690,1.38
43,Exit long,2023-12-07 08:30,WL-Exit,2046.7,1,20510,-46,-0.22,4.5,0.02,-44.5,-0.22,644,1.29
43,Entry long,2023-12-07 08:05,W-Long,2051,1,20510,-46,-0.22,4.5,0.02,-44.5,-0.22,644,1.29
44,Exit long,2023-12-07 09:15,WL-Exit,2047.8,1,20518,-43,-0.21,52.5,0.26,-41.5,-0.20,601,1.20
44,Entry long,2023-12-07 08:40,W-Long,2051.8,1,20518,-43,-0.21,52.5,0.26,-41.5,-0.20,601,1.20
45,Exit long,2023-12-12 02:15,WL-Exit,2002.1,1,20038,-20,-0.10,0.5,0.00,-18.5,-0.09,581,1.16
45,Entry long,2023-12-12 02:05,W-Long,2003.8,1,20038,-20,-0.10,0.5,0.00,-18.5,-0.09,581,1.16
46,Exit long,2023-12-12 08:30,WL-Exit,2000.6,1,20037,-34,-0.17,86.5,0.43,-32.5,-0.16,547,1.09
46,Entry long,2023-12-12 07:00,W-Long,2003.7,1,20037,-34,-0.17,86.5,0.43,-32.5,-0.16,547,1.09
47,Exit long,2023-12-14 08:15,WL-Exit,2047.6,1,20516,-43,-0.21,22.5,0.11,-41.5,-0.20,504,1.01
47,Entry long,2023-12-14 07:25,W-Long,2051.6,1,20516,-43,-0.21,22.5,0.11,-41.5,-0.20,504,1.01
48,Exit long,2023-12-14 13:00,WL-Exit,2048.3,1,20585,-105,-0.51,41.5,0.20,-103.5,-0.50,399,0.80
48,Entry long,2023-12-14 09:35,W-Long,2058.5,1,20585,-105,-0.51,41.5,0.20,-103.5,-0.50,399,0.80
49,Exit long,2023-12-15 04:00,WL-Exit,2057.1,1,20506,62,0.30,63.5,0.31,-4.5,-0.02,461,0.92
49,Entry long,2023-12-15 02:05,W-Long,2050.6,1,20506,62,0.30,63.5,0.31,-4.5,-0.02,461,0.92
50,Exit long,2023-12-18 09:20,WL-Exit,2035.7,1,20380,-26,-0.13,27.5,0.13,-24.5,-0.12,435,0.87
50,Entry long,2023-12-18 07:55,W-Long,2038,1,20380,-26,-0.13,27.5,0.13,-24.5,-0.12,435,0.87
51,Exit long,2023-12-19 09:45,WL-Exit,2051.5,1,20406,106,0.52,107.5,0.53,-29.5,-0.14,541,1.08
51,Entry long,2023-12-19 03:30,W-Long,2040.6,1,20406,106,0.52,107.5,0.53,-29.5,-0.14,541,1.08
52,Exit long,2023-12-22 05:25,WL-Exit,2068,1,20518,159,0.77,160.5,0.78,-35.5,-0.17,700,1.40
52,Entry long,2023-12-21 08:35,W-Long,2051.8,1,20518,159,0.77,160.5,0.78,-35.5,-0.17,700,1.40
53,Exit long,2023-12-22 11:40,WL-Exit,2068.7,1,20757,-73,-0.35,70.5,0.34,-71.5,-0.34,627,1.25
53,Entry long,2023-12-22 07:30,W-Long,2075.7,1,20757,-73,-0.35,70.5,0.34,-71.5,-0.34,627,1.25
54,Exit long,2023-12-26 07:40,WL-Exit,2072.8,1,20749,-24,-0.12,2.5,0.01,-22.5,-0.11,603,1.21
54,Entry long,2023-12-26 06:00,W-Long,2074.9,1,20749,-24,-0.12,2.5,0.01,-22.5,-0.11,603,1.21
55,Exit long,2023-12-28 02:45,WL-Exit,2095.2,1,20971,-22,-0.10,2.5,0.01,-20.5,-0.10,581,1.16
55,Entry long,2023-12-28 02:15,W-Long,2097.1,1,20971,-22,-0.10,2.5,0.01,-20.5,-0.10,581,1.16
56,Exit long,2023-12-28 13:45,WL-Exit,2081.7,1,20902,-88,-0.42,8.5,0.04,-86.5,-0.41,493,0.99
56,Entry long,2023-12-28 10:05,W-Long,2090.2,1,20902,-88,-0.42,8.5,0.04,-86.5,-0.41,493,0.99
57,Exit long,2023-12-29 13:00,WL-Exit,2070.7,1,20757,-53,-0.26,17.5,0.08,-51.5,-0.25,440,0.88
57,Entry long,2023-12-29 11:20,W-Long,2075.7,1,20757,-53,-0.26,17.5,0.08,-51.5,-0.25,440,0.88
58,Exit long,2024-01-02 06:30,WL-Exit,2080.7,1,20835,-31,-0.15,44.5,0.21,-29.5,-0.14,409,0.82
58,Entry long,2024-01-02 04:15,W-Long,2083.5,1,20835,-31,-0.15,44.5,0.21,-29.5,-0.14,409,0.82
59,Exit long,2024-01-04 06:50,WL-Exit,2052.5,1,20570,-48,-0.23,8.5,0.04,-46.5,-0.23,361,0.72
59,Entry long,2024-01-04 04:40,W-Long,2057,1,20570,-48,-0.23,8.5,0.04,-46.5,-0.23,361,0.72
60,Exit long,2024-01-07 22:05,WL-Exit,2046.5,1,20647,-185,-0.90,62.5,0.30,-183.5,-0.89,176,0.35
60,Entry long,2024-01-05 10:05,W-Long,2064.7,1,20647,-185,-0.90,62.5,0.30,-183.5,-0.89,176,0.35
61,Exit long,2024-01-11 11:20,WL-Exit,2023.6,1,20355,-122,-0.60,206.5,1.01,-120.5,-0.59,54,0.11
61,Entry long,2024-01-08 10:25,W-Long,2035.5,1,20355,-122,-0.60,206.5,1.01,-120.5,-0.59,54,0.11
62,Exit short,2024-01-14 22:35,MS-Exit,2061.5,1,20517,-101,-0.49,56.5,0.28,-99.5,-0.48,-47,-0.09
62,Entry short,2024-01-12 12:05,M-Short,2051.7,1,20517,-101,-0.49,56.5,0.28,-99.5,-0.48,-47,-0.09
63,Exit long,2024-01-15 18:30,WL-Exit,2057.4,1,20593,-22,-0.11,12.5,0.06,-20.5,-0.10,-69,-0.14
63,Entry long,2024-01-15 12:25,W-Long,2059.3,1,20593,-22,-0.11,12.5,0.06,-20.5,-0.10,-69,-0.14
64,Exit short,2024-01-18 04:30,MS-Exit,2014.7,1,20108,-42,-0.21,3.5,0.02,-40.5,-0.20,-111,-0.22
64,Entry short,2024-01-18 04:05,M-Short,2010.8,1,20108,-42,-0.21,3.5,0.02,-40.5,-0.20,-111,-0.22
65,Exit short,2024-01-29 18:00,MS-Exit,2051.7,1,20261,-259,-1.28,169.5,0.84,-257.5,-1.27,-370,-0.74
65,Entry short,2024-01-19 10:25,M-Short,2026.1,1,20261,-259,-1.28,169.5,0.84,-257.5,-1.27,-370,-0.74
66,Exit long,2024-01-30 09:25,WL-Exit,2067.1,1,20560,108,0.53,109.5,0.53,-6.5,-0.03,-262,-0.52
66,Entry long,2024-01-30 09:00,W-Long,2056,1,20560,108,0.53,109.5,0.53,-6.5,-0.03,-262,-0.52
67,Exit long,2024-02-02 08:35,WL-Exit,2055.4,1,20650,-99,-0.48,180.5,0.87,-97.5,-0.47,-361,-0.72
67,Entry long,2024-02-01 09:50,W-Long,2065,1,20650,-99,-0.48,180.5,0.87,-97.5,-0.47,-361,-0.72
68,Exit long,2024-02-07 09:40,WL-Exit,2057.1,1,20419,149,0.73,150.5,0.74,-32.5,-0.16,-212,-0.42
68,Entry long,2024-02-05 12:45,W-Long,2041.9,1,20419,149,0.73,150.5,0.74,-32.5,-0.16,-212,-0.42
69,Exit long,2024-02-08 06:30,WL-Exit,2043.9,1,20504,-68,-0.33,27.5,0.13,-66.5,-0.32,-280,-0.56
69,Entry long,2024-02-08 05:15,W-Long,2050.4,1,20504,-68,-0.33,27.5,0.13,-66.5,-0.32,-280,-0.56
70,Exit long,2024-02-09 03:15,WL-Exit,2045.6,1,20478,-25,-0.12,23.5,0.11,-23.5,-0.11,-305,-0.61
70,Entry long,2024-02-08 12:45,W-Long,2047.8,1,20478,-25,-0.12,23.5,0.11,-23.5,-0.11,-305,-0.61
71,Exit long,2024-02-12 03:55,WL-Exit,2037.7,1,20392,-18,-0.09,19.5,0.10,-16.5,-0.08,-323,-0.65
71,Entry long,2024-02-12 02:55,W-Long,2039.2,1,20392,-18,-0.09,19.5,0.10,-16.5,-0.08,-323,-0.65
72,Exit long,2024-02-13 08:30,WL-Exit,2046,1,20403,54,0.26,55.5,0.27,-9.5,-0.05,-269,-0.54
72,Entry long,2024-02-13 05:05,W-Long,2040.3,1,20403,54,0.26,55.5,0.27,-9.5,-0.05,-269,-0.54
73,Exit short,2024-02-19 08:15,MS-Exit,2030.8,1,20292,-19,-0.09,16.5,0.08,-17.5,-0.09,-288,-0.58
73,Entry short,2024-02-19 07:40,M-Short,2029.2,1,20292,-19,-0.09,16.5,0.08,-17.5,-0.09,-288,-0.58
74,Exit short,2024-02-19 12:30,MS-Exit,2029.2,1,20270,-25,-0.12,23.5,0.12,-23.5,-0.12,-313,-0.63
74,Entry short,2024-02-19 10:50,M-Short,2027,1,20270,-25,-0.12,23.5,0.12,-23.5,-0.12,-313,-0.63
75,Exit long,2024-02-22 06:00,WL-Exit,2038.3,1,20417,-37,-0.18,35.5,0.17,-35.5,-0.17,-350,-0.70
75,Entry long,2024-02-22 02:55,W-Long,2041.7,1,20417,-37,-0.18,35.5,0.17,-35.5,-0.17,-350,-0.70
76,Exit long,2024-02-23 10:55,WL-Exit,2039,1,20331,56,0.28,57.5,0.28,-15.5,-0.08,-294,-0.59
76,Entry long,2024-02-23 06:25,W-Long,2033.1,1,20331,56,0.28,57.5,0.28,-15.5,-0.08,-294,-0.59
77,Exit long,2024-02-26 10:35,WL-Exit,2034.6,1,20402,-59,-0.29,124.5,0.61,-57.5,-0.28,-353,-0.71
77,Entry long,2024-02-23 11:00,W-Long,2040.2,1,20402,-59,-0.29,124.5,0.61,-57.5,-0.28,-353,-0.71
78,Exit long,2024-02-27 10:30,WL-Exit,2042.4,1,20447,-26,-0.13,41.5,0.20,-24.5,-0.12,-379,-0.76
78,Entry long,2024-02-27 02:25,W-Long,2044.7,1,20447,-26,-0.13,41.5,0.20,-24.5,-0.12,-379,-0.76
79,Exit long,2024-03-04 09:25,WL-Exit,2105.4,1,20935,116,0.55,117.5,0.56,-40.5,-0.19,-263,-0.53
79,Entry long,2024-03-04 02:05,W-Long,2093.5,1,20935,116,0.55,117.5,0.56,-40.5,-0.19,-263,-0.53
80,Exit long,2024-03-04 11:30,WL-Exit,2125.9,1,21072,184,0.87,185.5,0.88,-12.5,-0.06,-79,-0.16
80,Entry long,2024-03-04 10:05,W-Long,2107.2,1,21072,184,0.87,185.5,0.88,-12.5,-0.06,-79,-0.16
81,Exit long,2024-03-05 08:30,WL-Exit,2141.6,1,21268,145,0.68,146.5,0.69,-4.5,-0.02,66,0.13
81,Entry long,2024-03-05 03:10,W-Long,2126.8,1,21268,145,0.68,146.5,0.69,-4.5,-0.02,66,0.13
82,Exit long,2024-03-05 18:00,WL-Exit,2135.3,1,21402,-52,-0.24,30.5,0.14,-50.5,-0.24,14,0.03
82,Entry long,2024-03-05 13:25,W-Long,2140.2,1,21402,-52,-0.24,30.5,0.14,-50.5,-0.24,14,0.03
83,Exit long,2024-03-07 09:35,WL-Exit,2159.4,1,21648,-57,-0.26,72.5,0.33,-55.5,-0.26,-43,-0.09
83,Entry long,2024-03-07 02:35,W-Long,2164.8,1,21648,-57,-0.26,72.5,0.33,-55.5,-0.26,-43,-0.09
84,Exit long,2024-03-08 08:30,WL-Exit,2165.5,1,21706,-54,-0.25,70.5,0.32,-52.5,-0.24,-97,-0.19
84,Entry long,2024-03-08 03:15,W-Long,2170.6,1,21706,-54,-0.25,70.5,0.32,-52.5,-0.24,-97,-0.19
85,Exit long,2024-03-12 08:30,WL-Exit,2172.9,1,21813,-87,-0.40,211.5,0.97,-85.5,-0.39,-184,-0.37
85,Entry long,2024-03-08 10:40,W-Long,2181.3,1,21813,-87,-0.40,211.5,0.97,-85.5,-0.39,-184,-0.37
86,Exit long,2024-03-15 02:30,WL-Exit,2171.3,1,21730,-20,-0.09,4.5,0.02,-18.5,-0.09,-204,-0.41
86,Entry long,2024-03-15 02:25,W-Long,2173,1,21730,-20,-0.09,4.5,0.02,-18.5,-0.09,-204,-0.41
87,Exit long,2024-03-15 08:00,WL-Exit,2168.9,1,21729,-43,-0.20,37.5,0.17,-41.5,-0.19,-247,-0.49
87,Entry long,2024-03-15 04:50,W-Long,2172.9,1,21729,-43,-0.20,37.5,0.17,-41.5,-0.19,-247,-0.49
88,Exit long,2024-03-20 14:00,WL-Exit,2172.6,1,21556,167,0.77,168.5,0.78,-54.5,-0.25,-80,-0.16
88,Entry long,2024-03-18 04:00,W-Long,2155.6,1,21556,167,0.77,168.5,0.78,-54.5,-0.25,-80,-0.16
89,Exit long,2024-03-21 04:30,WL-Exit,2204.6,1,22089,-46,-0.21,34.5,0.16,-44.5,-0.20,-126,-0.25
89,Entry long,2024-03-21 02:05,W-Long,2208.9,1,22089,-46,-0.21,34.5,0.16,-44.5,-0.20,-126,-0.25
90,Exit long,2024-03-21 09:15,WL-Exit,2204.2,1,22114,-75,-0.34,25.5,0.12,-73.5,-0.33,-201,-0.40
90,Entry long,2024-03-21 06:15,W-Long,2211.4,1,22114,-75,-0.34,25.5,0.12,-73.5,-0.33,-201,-0.40
91,Exit long,2024-03-25 21:45,WL-Exit,2168.3,1,21723,-43,-0.20,98.5,0.45,-41.5,-0.19,-244,-0.49
91,Entry long,2024-03-25 07:20,W-Long,2172.3,1,21723,-43,-0.20,98.5,0.45,-41.5,-0.19,-244,-0.49
92,Exit long,2024-03-26 02:45,WL-Exit,2171.3,1,21742,-32,-0.15,1.5,0.01,-30.5,-0.14,-276,-0.55
92,Entry long,2024-03-26 02:10,W-Long,2174.2,1,21742,-32,-0.15,1.5,0.01,-30.5,-0.14,-276,-0.55
93,Exit long,2024-03-26 05:40,WL-Exit,2189.5,1,21759,133,0.61,134.5,0.62,-3.5,-0.02,-143,-0.29
93,Entry long,2024-03-26 04:20,W-Long,2175.9,1,21759,133,0.61,134.5,0.62,-3.5,-0.02,-143,-0.29
94,Exit long,2024-03-28 08:15,WL-Exit,2236.6,1,22183,180,0.81,181.5,0.82,-15.5,-0.07,37,0.07
94,Entry long,2024-03-28 05:50,W-Long,2218.3,1,22183,180,0.81,181.5,0.82,-15.5,-0.07,37,0.07
95,Exit long,2024-03-28 16:45,WL-Exit,2254.3,1,22382,158,0.71,159.5,0.71,-8.5,-0.04,195,0.39
95,Entry long,2024-03-28 12:25,W-Long,2238.2,1,22382,158,0.71,159.5,0.71,-8.5,-0.04,195,0.39
96,Exit long,2024-04-01 03:45,WL-Exit,2279.3,1,22834,-44,-0.19,0,0.00,-42.5,-0.19,151,0.30
96,Entry long,2024-04-01 03:35,W-Long,2283.4,1,22834,-44,-0.19,0,0.00,-42.5,-0.19,151,0.30
97,Exit long,2024-04-02 11:30,WL-Exit,2273.3,1,22843,-113,-0.49,133.5,0.58,-111.5,-0.49,38,0.08
97,Entry long,2024-04-02 09:40,W-Long,2284.3,1,22843,-113,-0.49,133.5,0.58,-111.5,-0.49,38,0.08
98,Exit long,2024-04-05 08:30,WL-Exit,2302.9,1,23113,-87,-0.38,54.5,0.24,-85.5,-0.37,-49,-0.10
98,Entry long,2024-04-05 05:45,W-Long,2311.3,1,23113,-87,-0.38,54.5,0.24,-85.5,-0.37,-49,-0.10
99,Exit long,2024-04-07 22:35,WL-Exit,2363.2,1,23256,373,1.60,374.5,1.61,-40.5,-0.17,324,0.65
99,Entry long,2024-04-05 10:25,W-Long,2325.6,1,23256,373,1.60,374.5,1.61,-40.5,-0.17,324,0.65
100,Exit long,2024-04-08 08:00,WL-Exit,2353.1,1,23591,-63,-0.27,34.5,0.15,-61.5,-0.26,261,0.52
100,Entry long,2024-04-08 06:30,W-Long,2359.1,1,23591,-63,-0.27,34.5,0.15,-61.5,-0.26,261,0.52
101,Exit long,2024-04-09 07:35,WL-Exit,2369.1,1,23766,-78,-0.33,76.5,0.32,-76.5,-0.32,183,0.37
101,Entry long,2024-04-09 04:35,W-Long,2376.6,1,23766,-78,-0.33,76.5,0.32,-76.5,-0.32,183,0.37
102,Exit long,2024-04-09 10:40,WL-Exit,2370.2,1,23802,-103,-0.43,27.5,0.12,-101.5,-0.43,80,0.16
102,Entry long,2024-04-09 10:15,W-Long,2380.2,1,23802,-103,-0.43,27.5,0.12,-101.5,-0.43,80,0.16
103,Exit long,2024-04-11 15:40,WL-Exit,2383.5,1,23545,287,1.22,288.5,1.23,-54.5,-0.23,367,0.73
103,Entry long,2024-04-11 06:55,W-Long,2354.5,1,23545,287,1.22,288.5,1.23,-54.5,-0.23,367,0.73
104,Exit long,2024-04-12 10:10,WL-Exit,2428.1,1,24078,200,0.83,201.5,0.84,-7.5,-0.03,567,1.13
104,Entry long,2024-04-12 02:35,W-Long,2407.8,1,24078,200,0.83,201.5,0.84,-7.5,-0.03,567,1.13
105,Exit long,2024-04-15 03:00,WL-Exit,2368.4,1,23764,-83,-0.35,10.5,0.04,-81.5,-0.34,484,0.97
105,Entry long,2024-04-15 02:05,W-Long,2376.4,1,23764,-83,-0.35,10.5,0.04,-81.5,-0.34,484,0.97
106,Exit long,2024-04-16 12:45,WL-Exit,2413.2,1,23725,404,1.70,405.5,1.71,-21.5,-0.09,888,1.78
106,Entry long,2024-04-15 12:45,W-Long,2372.5,1,23725,404,1.70,405.5,1.71,-21.5,-0.09,888,1.78
107,Exit long,2024-04-17 01:35,WL-Exit,2392.1,1,24129,-211,-0.87,17.5,0.07,-209.5,-0.87,677,1.35
107,Entry long,2024-04-16 12:50,W-Long,2412.9,1,24129,-211,-0.87,17.5,0.07,-209.5,-0.87,677,1.35
108,Exit long,2024-04-18 03:30,WL-Exit,2390.3,1,23952,-52,-0.22,2.5,0.01,-50.5,-0.21,625,1.25
108,Entry long,2024-04-18 03:00,W-Long,2395.2,1,23952,-52,-0.22,2.5,0.01,-50.5,-0.21,625,1.25
109,Exit long,2024-04-18 09:35,WL-Exit,2394.4,1,24008,-67,-0.28,70.5,0.29,-65.5,-0.27,558,1.12
109,Entry long,2024-04-18 08:10,W-Long,2400.8,1,24008,-67,-0.28,70.5,0.29,-65.5,-0.27,558,1.12
110,Exit long,2024-04-21 18:00,WL-Exit,2398.8,1,24086,-101,-0.42,84.5,0.35,-99.5,-0.41,457,0.91
110,Entry long,2024-04-19 11:05,W-Long,2408.6,1,24086,-101,-0.42,84.5,0.35,-99.5,-0.41,457,0.91
111,Exit long,2024-04-24 23:10,WL-Exit,2320.2,1,23323,-124,-0.53,184.5,0.79,-122.5,-0.53,333,0.67
111,Entry long,2024-04-23 09:40,W-Long,2332.3,1,23323,-124,-0.53,184.5,0.79,-122.5,-0.53,333,0.67
112,Exit long,2024-04-25 08:50,WL-Exit,2346.3,1,23329,131,0.56,132.5,0.57,-15.5,-0.07,464,0.93
112,Entry long,2024-04-25 02:40,W-Long,2332.9,1,23329,131,0.56,132.5,0.57,-15.5,-0.07,464,0.93
113,Exit long,2024-04-30 03:40,WL-Exit,2326.3,1,23552,-292,-1.24,90.5,0.38,-290.5,-1.23,172,0.34
113,Entry long,2024-04-25 10:40,W-Long,2355.2,1,23552,-292,-1.24,90.5,0.38,-290.5,-1.23,172,0.34
114,Exit long,2024-05-09 10:05,WL-Exit,2336.8,1,23222,143,0.62,144.5,0.62,-37.5,-0.16,315,0.63
114,Entry long,2024-05-09 07:50,W-Long,2322.2,1,23222,143,0.62,144.5,0.62,-37.5,-0.16,315,0.63
115,Exit long,2024-05-09 21:00,WL-Exit,2357.7,1,23404,170,0.73,171.5,0.73,-16.5,-0.07,485,0.97
115,Entry long,2024-05-09 13:30,W-Long,2340.4,1,23404,170,0.73,171.5,0.73,-16.5,-0.07,485,0.97
116,Exit long,2024-05-13 01:00,WL-Exit,2359.7,1,23667,-73,-0.31,185.5,0.78,-71.5,-0.30,412,0.82
116,Entry long,2024-05-10 02:15,W-Long,2366.7,1,23667,-73,-0.31,185.5,0.78,-71.5,-0.30,412,0.82
117,Exit long,2024-05-16 15:45,WL-Exit,2382.8,1,23880,-55,-0.23,0.5,0.00,-53.5,-0.22,357,0.71
117,Entry long,2024-05-16 12:45,W-Long,2388,1,23880,-55,-0.23,0.5,0.00,-53.5,-0.22,357,0.71
118,Exit long,2024-05-17 09:00,WL-Exit,2401.8,1,23899,116,0.49,117.5,0.49,-11.5,-0.05,473,0.95
118,Entry long,2024-05-17 06:40,W-Long,2389.9,1,23899,116,0.49,117.5,0.49,-11.5,-0.05,473,0.95
119,Exit long,2024-05-20 01:30,WL-Exit,2446.4,1,24106,355,1.47,356.5,1.48,-31.5,-0.13,828,1.66
119,Entry long,2024-05-17 10:30,W-Long,2410.6,1,24106,355,1.47,356.5,1.48,-31.5,-0.13,828,1.66
120,Exit long,2024-05-20 21:55,WL-Exit,2427.1,1,24355,-87,-0.36,59.5,0.24,-85.5,-0.35,741,1.48
120,Entry long,2024-05-20 13:25,W-Long,2435.5,1,24355,-87,-0.36,59.5,0.24,-85.5,-0.35,741,1.48
121,Exit long,2024-05-21 23:45,WL-Exit,2418.2,1,24251,-72,-0.30,130.5,0.54,-70.5,-0.29,669,1.34
121,Entry long,2024-05-21 07:05,W-Long,2425.1,1,24251,-72,-0.30,130.5,0.54,-70.5,-0.29,669,1.34
122,Exit long,2024-05-23 08:35,WL-Exit,2365.1,1,23704,-56,-0.24,12.5,0.05,-54.5,-0.23,613,1.23
122,Entry long,2024-05-23 07:10,W-Long,2370.4,1,23704,-56,-0.24,12.5,0.05,-54.5,-0.23,613,1.23
123,Exit long,2024-05-24 08:30,WL-Exit,2336.3,1,23415,-55,-0.23,36.5,0.16,-53.5,-0.23,558,1.12
123,Entry long,2024-05-24 04:45,W-Long,2341.5,1,23415,-55,-0.23,36.5,0.16,-53.5,-0.23,558,1.12
124,Exit long,2024-05-28 02:20,WL-Exit,2343.9,1,23496,-60,-0.26,102.5,0.44,-58.5,-0.25,498,1.00
124,Entry long,2024-05-27 08:20,W-Long,2349.6,1,23496,-60,-0.26,102.5,0.44,-58.5,-0.25,498,1.00
125,Exit long,2024-05-28 09:15,WL-Exit,2361.3,1,23483,127,0.54,128.5,0.55,-13.5,-0.06,625,1.25
125,Entry long,2024-05-28 07:50,W-Long,2348.3,1,23483,127,0.54,128.5,0.55,-13.5,-0.06,625,1.25
126,Exit long,2024-05-30 05:45,WL-Exit,2353.5,1,23586,-54,-0.23,9.5,0.04,-52.5,-0.22,571,1.14
126,Entry long,2024-05-30 05:10,W-Long,2358.6,1,23586,-54,-0.23,9.5,0.04,-52.5,-0.22,571,1.14
127,Exit long,2024-05-31 03:30,WL-Exit,2362.9,1,23668,-42,-0.18,10.5,0.04,-40.5,-0.17,529,1.06
127,Entry long,2024-05-31 02:50,W-Long,2366.8,1,23668,-42,-0.18,10.5,0.04,-40.5,-0.17,529,1.06
128,Exit long,2024-05-31 08:40,WL-Exit,2373.1,1,23651,77,0.33,78.5,0.33,-22.5,-0.10,606,1.21
128,Entry long,2024-05-31 07:00,W-Long,2365.1,1,23651,77,0.33,78.5,0.33,-22.5,-0.10,606,1.21
129,Exit long,2024-06-04 03:45,WL-Exit,2360.6,1,23672,-69,-0.29,81.5,0.34,-67.5,-0.29,537,1.07
129,Entry long,2024-06-03 12:40,W-Long,2367.2,1,23672,-69,-0.29,81.5,0.34,-67.5,-0.29,537,1.07
130,Exit long,2024-06-10 08:15,WL-Exit,2325.9,1,23157,99,0.43,100.5,0.43,-6.5,-0.03,636,1.27
130,Entry long,2024-06-10 06:55,W-Long,2315.7,1,23157,99,0.43,100.5,0.43,-6.5,-0.03,636,1.27
131,Exit long,2024-06-10 21:55,WL-Exit,2319.8,1,23258,-63,-0.27,54.5,0.23,-61.5,-0.26,573,1.15
131,Entry long,2024-06-10 11:45,W-Long,2325.8,1,23258,-63,-0.27,54.5,0.23,-61.5,-0.26,573,1.15
132,Exit long,2024-06-11 08:30,WL-Exit,2333.5,1,23217,115,0.50,116.5,0.50,-33.5,-0.14,688,1.38
132,Entry long,2024-06-11 03:25,W-Long,2321.7,1,23217,115,0.50,116.5,0.50,-33.5,-0.14,688,1.38
133,Exit long,2024-06-13 07:05,WL-Exit,2328.7,1,23335,-51,-0.22,20.5,0.09,-49.5,-0.21,637,1.27
133,Entry long,2024-06-13 03:50,W-Long,2333.5,1,23335,-51,-0.22,20.5,0.09,-49.5,-0.21,637,1.27
134,Exit long,2024-06-19 21:35,WL-Exit,2351,1,23317,190,0.81,191.5,0.82,-44.5,-0.19,827,1.65
134,Entry long,2024-06-18 08:35,W-Long,2331.7,1,23317,190,0.81,191.5,0.82,-44.5,-0.19,827,1.65
135,Exit long,2024-06-20 03:45,WL-Exit,2353.1,1,23579,-51,-0.22,13.5,0.06,-49.5,-0.21,776,1.55
135,Entry long,2024-06-20 02:30,W-Long,2357.9,1,23579,-51,-0.22,13.5,0.06,-49.5,-0.21,776,1.55
136,Exit long,2024-06-20 10:20,WL-Exit,2372.4,1,23526,195,0.83,196.5,0.84,-40.5,-0.17,971,1.94
136,Entry long,2024-06-20 07:05,W-Long,2352.6,1,23526,195,0.83,196.5,0.84,-40.5,-0.17,971,1.94
137,Exit long,2024-06-21 09:55,WL-Exit,2348.2,1,23715,-236,-1.00,108.5,0.46,-234.5,-0.99,735,1.47
137,Entry long,2024-06-20 11:15,W-Long,2371.5,1,23715,-236,-1.00,108.5,0.46,-234.5,-0.99,735,1.47
138,Exit long,2024-06-24 21:40,WL-Exit,2337.2,1,23452,-83,-0.35,26.5,0.11,-81.5,-0.35,652,1.30
138,Entry long,2024-06-24 09:35,W-Long,2345.2,1,23452,-83,-0.35,26.5,0.11,-81.5,-0.35,652,1.30
139,Exit long,2024-06-28 09:50,WL-Exit,2336.4,1,23407,-46,-0.20,99.5,0.43,-44.5,-0.19,606,1.21
139,Entry long,2024-06-28 04:25,W-Long,2340.7,1,23407,-46,-0.20,99.5,0.43,-44.5,-0.19,606,1.21
140,Exit long,2024-07-01 09:25,WL-Exit,2335.3,1,23398,-48,-0.21,87.5,0.37,-46.5,-0.20,558,1.12
140,Entry long,2024-07-01 06:20,W-Long,2339.8,1,23398,-48,-0.21,87.5,0.37,-46.5,-0.20,558,1.12
141,Exit long,2024-07-02 03:20,WL-Exit,2333.6,1,23409,-76,-0.32,27.5,0.12,-74.5,-0.32,482,0.96
141,Entry long,2024-07-01 12:20,W-Long,2340.9,1,23409,-76,-0.32,27.5,0.12,-74.5,-0.32,482,0.96
142,Exit long,2024-07-02 10:05,WL-Exit,2333.9,1,23388,-52,-0.22,71.5,0.31,-50.5,-0.22,430,0.86
142,Entry long,2024-07-02 09:35,W-Long,2338.8,1,23388,-52,-0.22,71.5,0.31,-50.5,-0.22,430,0.86
143,Exit long,2024-07-04 11:20,WL-Exit,2364.3,1,23668,-28,-0.12,34.5,0.15,-26.5,-0.11,402,0.80
143,Entry long,2024-07-04 06:45,W-Long,2366.8,1,23668,-28,-0.12,34.5,0.15,-26.5,-0.11,402,0.80
144,Exit long,2024-07-05 05:50,WL-Exit,2370.3,1,23737,-37,-0.16,24.5,0.10,-35.5,-0.15,365,0.73
144,Entry long,2024-07-05 02:05,W-Long,2373.7,1,23737,-37,-0.16,24.5,0.10,-35.5,-0.15,365,0.73
145,Exit long,2024-07-08 02:55,WL-Exit,2385,1,23952,-105,-0.44,61.5,0.26,-103.5,-0.43,260,0.52
145,Entry long,2024-07-05 11:35,W-Long,2395.2,1,23952,-105,-0.44,61.5,0.26,-103.5,-0.43,260,0.52
146,Exit long,2024-07-10 08:20,WL-Exit,2387.8,1,23683,192,0.81,193.5,0.82,-14.5,-0.06,452,0.90
146,Entry long,2024-07-09 13:30,W-Long,2368.3,1,23683,192,0.81,193.5,0.82,-14.5,-0.06,452,0.90
147,Exit long,2024-07-11 08:25,WL-Exit,2383.5,1,23884,-52,-0.22,14.5,0.06,-50.5,-0.21,400,0.80
147,Entry long,2024-07-11 04:10,W-Long,2388.4,1,23884,-52,-0.22,14.5,0.06,-50.5,-0.21,400,0.80
148,Exit long,2024-07-12 02:50,WL-Exit,2407.8,1,24206,-131,-0.54,96.5,0.40,-129.5,-0.53,269,0.54
148,Entry long,2024-07-11 10:55,W-Long,2420.6,1,24206,-131,-0.54,96.5,0.40,-129.5,-0.53,269,0.54
149,Exit long,2024-07-16 09:40,WL-Exit,2449.3,1,24141,349,1.45,350.5,1.45,-81.5,-0.34,618,1.24
149,Entry long,2024-07-12 10:15,W-Long,2414.1,1,24141,349,1.45,350.5,1.45,-81.5,-0.34,618,1.24
150,Exit long,2024-07-16 21:00,WL-Exit,2480,1,24569,228,0.93,229.5,0.93,-2.5,-0.01,846,1.69
150,Entry long,2024-07-16 11:00,W-Long,2456.9,1,24569,228,0.93,229.5,0.93,-2.5,-0.01,846,1.69
151,Exit long,2024-07-18 04:35,WL-Exit,2471.9,1,24770,-54,-0.22,13.5,0.05,-52.5,-0.21,792,1.58
151,Entry long,2024-07-18 03:05,W-Long,2477,1,24770,-54,-0.22,13.5,0.05,-52.5,-0.21,792,1.58
152,Exit long,2024-07-18 08:50,WL-Exit,2466.2,1,24722,-63,-0.25,0,0.00,-61.5,-0.25,729,1.46
152,Entry long,2024-07-18 08:35,W-Long,2472.2,1,24722,-63,-0.25,0,0.00,-61.5,-0.25,729,1.46
153,Exit long,2024-07-18 12:00,WL-Exit,2461.5,1,24726,-114,-0.46,4.5,0.02,-112.5,-0.45,615,1.23
153,Entry long,2024-07-18 10:55,W-Long,2472.6,1,24726,-114,-0.46,4.5,0.02,-112.5,-0.45,615,1.23
154,Exit long,2024-07-24 21:20,WL-Exit,2391.6,1,24024,-111,-0.46,304.5,1.27,-109.5,-0.46,504,1.01
154,Entry long,2024-07-23 04:40,W-Long,2402.4,1,24024,-111,-0.46,304.5,1.27,-109.5,-0.46,504,1.01
155,Exit long,2024-07-25 07:30,WL-Exit,2371.7,1,23793,-79,-0.33,27.5,0.12,-77.5,-0.33,425,0.85
155,Entry long,2024-07-25 06:55,W-Long,2379.3,1,23793,-79,-0.33,27.5,0.12,-77.5,-0.33,425,0.85
156,Exit long,2024-07-29 07:50,WL-Exit,2387.3,1,23929,-59,-0.25,5.5,0.02,-57.5,-0.24,366,0.73
156,Entry long,2024-07-29 06:30,W-Long,2392.9,1,23929,-59,-0.25,5.5,0.02,-57.5,-0.24,366,0.73
157,Exit long,2024-07-30 07:55,WL-Exit,2432.4,1,24354,-33,-0.14,20.5,0.08,-31.5,-0.13,333,0.67
157,Entry long,2024-07-30 06:10,W-Long,2435.4,1,24354,-33,-0.14,20.5,0.08,-31.5,-0.13,333,0.67
158,Exit long,2024-08-01 10:20,WL-Exit,2490.8,1,25006,-101,-0.40,59.5,0.24,-99.5,-0.40,232,0.46
158,Entry long,2024-08-01 09:35,W-Long,2500.6,1,25006,-101,-0.40,59.5,0.24,-99.5,-0.40,232,0.46
159,Exit long,2024-08-02 08:15,WL-Exit,2500.7,1,25077,-73,-0.29,43.5,0.17,-71.5,-0.29,159,0.32
159,Entry long,2024-08-02 02:05,W-Long,2507.7,1,25077,-73,-0.29,43.5,0.17,-71.5,-0.29,159,0.32
160,Exit long,2024-08-06 08:30,WL-Exit,2440.2,1,24542,-143,-0.58,27.5,0.11,-141.5,-0.58,16,0.03
160,Entry long,2024-08-06 04:15,W-Long,2454.2,1,24542,-143,-0.58,27.5,0.11,-141.5,-0.58,16,0.03
161,Exit long,2024-08-08 08:20,WL-Exit,2455.1,1,24367,181,0.74,182.5,0.75,-53.5,-0.22,197,0.39
161,Entry long,2024-08-08 02:25,W-Long,2436.7,1,24367,181,0.74,182.5,0.75,-53.5,-0.22,197,0.39
162,Exit long,2024-08-12 12:05,WL-Exit,2503.8,1,24605,430,1.75,431.5,1.75,-93.5,-0.38,627,1.25
162,Entry long,2024-08-08 10:25,W-Long,2460.5,1,24605,430,1.75,431.5,1.75,-93.5,-0.38,627,1.25
163,Exit long,2024-08-14 09:20,WL-Exit,2492.5,1,25032,-110,-0.44,163.5,0.65,-108.5,-0.43,517,1.03
163,Entry long,2024-08-12 12:10,W-Long,2503.2,1,25032,-110,-0.44,163.5,0.65,-108.5,-0.43,517,1.03
164,Exit long,2024-08-15 08:35,WL-Exit,2492.5,1,24969,-47,-0.19,109.5,0.44,-45.5,-0.18,470,0.94
164,Entry long,2024-08-15 06:05,W-Long,2496.9,1,24969,-47,-0.19,109.5,0.44,-45.5,-0.18,470,0.94
165,Exit long,2024-08-16 08:50,WL-Exit,2516.7,1,25029,135,0.54,136.5,0.55,-16.5,-0.07,605,1.21
165,Entry long,2024-08-16 06:15,W-Long,2502.9,1,25029,135,0.54,136.5,0.55,-16.5,-0.07,605,1.21
166,Exit long,2024-08-22 09:20,WL-Exit,2530.2,1,25406,-107,-0.42,296.5,1.17,-105.5,-0.42,498,1.00
166,Entry long,2024-08-19 10:35,W-Long,2540.6,1,25406,-107,-0.42,296.5,1.17,-105.5,-0.42,498,1.00
167,Exit long,2024-08-23 06:30,WL-Exit,2531.4,1,25357,-46,-0.18,15.5,0.06,-44.5,-0.18,452,0.90
167,Entry long,2024-08-23 05:35,W-Long,2535.7,1,25357,-46,-0.18,15.5,0.06,-44.5,-0.18,452,0.90
168,Exit long,2024-08-23 09:30,WL-Exit,2532.9,1,25370,-44,-0.17,23.5,0.09,-42.5,-0.17,408,0.82
168,Entry long,2024-08-23 07:55,W-Long,2537,1,25370,-44,-0.17,23.5,0.09,-42.5,-0.17,408,0.82
169,Exit long,2024-08-26 06:20,WL-Exit,2562,1,25490,127,0.50,128.5,0.50,-5.5,-0.02,535,1.07
169,Entry long,2024-08-26 02:35,W-Long,2549,1,25490,127,0.50,128.5,0.50,-5.5,-0.02,535,1.07
170,Exit long,2024-08-27 09:15,WL-Exit,2541.3,1,25490,-80,-0.31,4.5,0.02,-78.5,-0.31,455,0.91
170,Entry long,2024-08-27 08:05,W-Long,2549,1,25490,-80,-0.31,4.5,0.02,-78.5,-0.31,455,0.91
171,Exit long,2024-08-28 01:30,WL-Exit,2541.4,1,25507,-96,-0.38,134.5,0.53,-94.5,-0.37,359,0.72
171,Entry long,2024-08-27 10:15,W-Long,2550.7,1,25507,-96,-0.38,134.5,0.53,-94.5,-0.37,359,0.72
172,Exit long,2024-08-29 08:25,WL-Exit,2548.2,1,25519,-40,-0.16,55.5,0.22,-38.5,-0.15,319,0.64
172,Entry long,2024-08-29 05:35,W-Long,2551.9,1,25519,-40,-0.16,55.5,0.22,-38.5,-0.15,319,0.64
173,Exit long,2024-08-29 23:40,WL-Exit,2546,1,25581,-124,-0.48,40.5,0.16,-122.5,-0.48,195,0.39
173,Entry long,2024-08-29 11:10,W-Long,2558.1,1,25581,-124,-0.48,40.5,0.16,-122.5,-0.48,195,0.39
174,Exit long,2024-08-30 06:30,WL-Exit,2551.2,1,25583,-74,-0.29,16.5,0.06,-72.5,-0.28,121,0.24
174,Entry long,2024-08-30 04:25,W-Long,2558.3,1,25583,-74,-0.29,16.5,0.06,-72.5,-0.28,121,0.24
175,Exit long,2024-08-30 08:40,WL-Exit,2550.4,1,25569,-68,-0.27,9.5,0.04,-66.5,-0.26,53,0.11
175,Entry long,2024-08-30 08:25,W-Long,2556.9,1,25569,-68,-0.27,9.5,0.04,-66.5,-0.26,53,0.11
176,Exit long,2024-09-02 19:55,WL-Exit,2528.3,1,25349,-69,-0.27,43.5,0.17,-67.5,-0.27,-16,-0.03
176,Entry long,2024-09-02 04:40,W-Long,2534.9,1,25349,-69,-0.27,43.5,0.17,-67.5,-0.27,-16,-0.03
177,Exit long,2024-09-03 06:35,WL-Exit,2525.8,1,25305,-50,-0.20,78.5,0.31,-48.5,-0.19,-66,-0.13
177,Entry long,2024-09-03 03:05,W-Long,2530.5,1,25305,-50,-0.20,78.5,0.31,-48.5,-0.19,-66,-0.13
178,Exit long,2024-09-06 12:15,WL-Exit,2523.4,1,25344,-113,-0.45,251.5,0.99,-111.5,-0.44,-179,-0.36
178,Entry long,2024-09-05 02:35,W-Long,2534.4,1,25344,-113,-0.45,251.5,0.99,-111.5,-0.44,-179,-0.36
179,Exit long,2024-09-10 08:55,WL-Exit,2541.4,1,25266,145,0.57,146.5,0.58,-46.5,-0.18,-34,-0.07
179,Entry long,2024-09-09 07:30,W-Long,2526.6,1,25266,145,0.57,146.5,0.58,-46.5,-0.18,-34,-0.07
180,Exit long,2024-09-12 02:50,WL-Exit,2544.9,1,25480,-34,-0.13,17.5,0.07,-32.5,-0.13,-68,-0.14
180,Entry long,2024-09-12 02:05,W-Long,2548,1,25480,-34,-0.13,17.5,0.07,-32.5,-0.13,-68,-0.14
181,Exit long,2024-09-12 06:45,WL-Exit,2543.6,1,25481,-48,-0.19,7.5,0.03,-46.5,-0.18,-116,-0.23
181,Entry long,2024-09-12 06:15,W-Long,2548.1,1,25481,-48,-0.19,7.5,0.03,-46.5,-0.18,-116,-0.23
182,Exit long,2024-09-20 12:00,WL-Exit,2648.6,1,25731,752,2.92,753.5,2.93,-31.5,-0.12,636,1.27
182,Entry long,2024-09-12 09:40,W-Long,2573.1,1,25731,752,2.92,753.5,2.93,-31.5,-0.12,636,1.27
183,Exit long,2024-09-24 15:25,WL-Exit,2685.9,1,26651,205,0.77,206.5,0.77,-13.5,-0.05,841,1.68
183,Entry long,2024-09-24 10:45,W-Long,2665.1,1,26651,205,0.77,206.5,0.77,-13.5,-0.05,841,1.68
184,Exit long,2024-09-26 07:35,WL-Exit,2708.7,1,26885,199,0.74,200.5,0.75,-11.5,-0.04,1040,2.08
184,Entry long,2024-09-26 03:50,W-Long,2688.5,1,26885,199,0.74,200.5,0.75,-11.5,-0.04,1040,2.08
185,Exit long,2024-09-27 08:05,WL-Exit,2685.2,1,26889,-40,-0.15,27.5,0.10,-38.5,-0.14,1000,2.00
185,Entry long,2024-09-27 07:15,W-Long,2688.9,1,26889,-40,-0.15,27.5,0.10,-38.5,-0.14,1000,2.00
186,Exit long,2024-10-01 09:30,WL-Exit,2681.5,1,26676,136,0.51,137.5,0.52,-9.5,-0.04,1136,2.27
186,Entry long,2024-10-01 05:05,W-Long,2667.6,1,26676,136,0.51,137.5,0.52,-9.5,-0.04,1136,2.27
187,Exit long,2024-10-02 01:25,WL-Exit,2667.9,1,26836,-160,-0.60,109.5,0.41,-158.5,-0.59,976,1.95
187,Entry long,2024-10-01 09:40,W-Long,2683.6,1,26836,-160,-0.60,109.5,0.41,-158.5,-0.59,976,1.95
188,Exit long,2024-10-07 08:45,WL-Exit,2660.2,1,26688,-89,-0.33,102.5,0.38,-87.5,-0.33,887,1.77
188,Entry long,2024-10-07 03:40,W-Long,2668.8,1,26688,-89,-0.33,102.5,0.38,-87.5,-0.33,887,1.77
189,Exit long,2024-10-08 02:25,WL-Exit,2661.4,1,26657,-46,-0.17,0,0.00,-44.5,-0.17,841,1.68
189,Entry long,2024-10-08 02:10,W-Long,2665.7,1,26657,-46,-0.17,0,0.00,-44.5,-0.17,841,1.68
190,Exit long,2024-10-08 10:10,WL-Exit,2654,1,26605,-68,-0.26,117.5,0.44,-66.5,-0.25,773,1.55
190,Entry long,2024-10-08 05:55,W-Long,2660.5,1,26605,-68,-0.26,117.5,0.44,-66.5,-0.25,773,1.55
191,Exit long,2024-10-10 02:40,WL-Exit,2629.1,1,26327,-39,-0.15,8.5,0.03,-37.5,-0.14,734,1.47
191,Entry long,2024-10-10 02:25,W-Long,2632.7,1,26327,-39,-0.15,8.5,0.03,-37.5,-0.14,734,1.47
192,Exit long,2024-10-11 02:25,WL-Exit,2659.9,1,26634,-38,-0.14,11.5,0.04,-36.5,-0.14,696,1.39
192,Entry long,2024-10-11 02:20,W-Long,2663.4,1,26634,-38,-0.14,11.5,0.04,-36.5,-0.14,696,1.39
193,Exit long,2024-10-15 01:20,WL-Exit,2656.5,1,26693,-131,-0.49,145.5,0.55,-129.5,-0.49,565,1.13
193,Entry long,2024-10-11 09:40,W-Long,2669.3,1,26693,-131,-0.49,145.5,0.55,-129.5,-0.49,565,1.13
194,Exit long,2024-10-15 22:10,WL-Exit,2686,1,26651,206,0.77,207.5,0.78,-29.5,-0.11,771,1.54
194,Entry long,2024-10-15 03:05,W-Long,2665.1,1,26651,206,0.77,207.5,0.78,-29.5,-0.11,771,1.54
195,Exit long,2024-10-17 08:15,WL-Exit,2693.7,1,27001,-67,-0.25,41.5,0.15,-65.5,-0.24,704,1.41
195,Entry long,2024-10-17 06:20,W-Long,2700.1,1,27001,-67,-0.25,41.5,0.15,-65.5,-0.24,704,1.41
196,Exit long,2024-10-18 08:25,WL-Exit,2729.8,1,27038,257,0.95,258.5,0.96,-45.5,-0.17,961,1.92
196,Entry long,2024-10-17 10:05,W-Long,2703.8,1,27038,257,0.95,258.5,0.96,-45.5,-0.17,961,1.92
197,Exit long,2024-10-18 09:05,WL-Exit,2723.1,1,27298,-70,-0.26,23.5,0.09,-68.5,-0.25,891,1.78
197,Entry long,2024-10-18 08:30,W-Long,2729.8,1,27298,-70,-0.26,23.5,0.09,-68.5,-0.25,891,1.78
198,Exit long,2024-10-18 13:25,WL-Exit,2729.2,1,27334,-45,-0.16,7.5,0.03,-43.5,-0.16,846,1.69
198,Entry long,2024-10-18 13:15,W-Long,2733.4,1,27334,-45,-0.16,7.5,0.03,-43.5,-0.16,846,1.69
199,Exit long,2024-10-21 06:15,WL-Exit,2744.4,1,27481,-40,-0.15,34.5,0.13,-38.5,-0.14,806,1.61
199,Entry long,2024-10-21 05:10,W-Long,2748.1,1,27481,-40,-0.15,34.5,0.13,-38.5,-0.14,806,1.61
200,Exit long,2024-10-21 10:30,WL-Exit,2746.7,1,27529,-65,-0.24,24.5,0.09,-63.5,-0.23,741,1.48
200,Entry long,2024-10-21 08:35,W-Long,2752.9,1,27529,-65,-0.24,24.5,0.09,-63.5,-0.23,741,1.48
201,Exit long,2024-10-22 10:00,WL-Exit,2748.5,1,27548,-66,-0.24,17.5,0.06,-64.5,-0.23,675,1.35
201,Entry long,2024-10-22 09:35,W-Long,2754.8,1,27548,-66,-0.24,17.5,0.06,-64.5,-0.23,675,1.35
202,Exit long,2024-10-23 09:10,WL-Exit,2751.3,1,27592,-82,-0.30,132.5,0.48,-80.5,-0.29,593,1.19
202,Entry long,2024-10-22 12:55,W-Long,2759.2,1,27592,-82,-0.30,132.5,0.48,-80.5,-0.29,593,1.19
203,Exit long,2024-10-24 08:30,WL-Exit,2752.7,1,27422,102,0.37,103.5,0.38,-3.5,-0.01,695,1.39
203,Entry long,2024-10-24 02:10,W-Long,2742.2,1,27422,102,0.37,103.5,0.38,-3.5,-0.01,695,1.39
204,Exit long,2024-10-29 10:00,WL-Exit,2777.3,1,27406,364,1.33,365.5,1.33,-51.5,-0.19,1059,2.12
204,Entry long,2024-10-25 07:45,W-Long,2740.6,1,27406,364,1.33,365.5,1.33,-51.5,-0.19,1059,2.12
205,Exit long,2024-10-31 10:00,WL-Exit,2762.9,1,27767,-141,-0.51,249.5,0.90,-139.5,-0.50,918,1.84
205,Entry long,2024-10-29 10:05,W-Long,2776.7,1,27767,-141,-0.51,249.5,0.90,-139.5,-0.50,918,1.84
206,Exit long,2024-11-01 03:10,WL-Exit,2760.5,1,27644,-42,-0.15,7.5,0.03,-40.5,-0.15,876,1.75
206,Entry long,2024-11-01 02:20,W-Long,2764.4,1,27644,-42,-0.15,7.5,0.03,-40.5,-0.15,876,1.75
207,Exit long,2024-11-01 08:15,WL-Exit,2760.5,1,27639,-37,-0.13,4.5,0.02,-35.5,-0.13,839,1.68
207,Entry long,2024-11-01 08:15,W-Long,2763.9,1,27639,-37,-0.13,4.5,0.02,-35.5,-0.13,839,1.68
208,Exit long,2024-11-01 10:25,WL-Exit,2760.1,1,27664,-66,-0.24,58.5,0.21,-64.5,-0.23,773,1.55
208,Entry long,2024-11-01 08:35,W-Long,2766.4,1,27664,-66,-0.24,58.5,0.21,-64.5,-0.23,773,1.55
209,Exit long,2024-11-04 05:50,WL-Exit,2747.5,1,27536,-64,-0.23,0,0.00,-62.5,-0.23,709,1.42
209,Entry long,2024-11-04 05:15,W-Long,2753.6,1,27536,-64,-0.23,0,0.00,-62.5,-0.23,709,1.42
210,Exit long,2024-11-04 09:35,WL-Exit,2747.5,1,27528,-56,-0.20,45.5,0.17,-54.5,-0.20,653,1.31
210,Entry long,2024-11-04 07:50,W-Long,2752.8,1,27528,-56,-0.20,45.5,0.17,-54.5,-0.20,653,1.31
211,Exit long,2024-11-05 03:10,WL-Exit,2741.2,1,27497,-88,-0.32,4.5,0.02,-86.5,-0.31,565,1.13
211,Entry long,2024-11-05 02:10,W-Long,2749.7,1,27497,-88,-0.32,4.5,0.02,-86.5,-0.31,565,1.13
212,Exit long,2024-11-05 09:45,WL-Exit,2751.3,1,27591,-81,-0.29,2.5,0.01,-79.5,-0.29,484,0.97
212,Entry long,2024-11-05 09:35,W-Long,2759.1,1,27591,-81,-0.29,2.5,0.01,-79.5,-0.29,484,0.97
213,Exit long,2024-11-07 08:20,WL-Exit,2686.3,1,26671,189,0.71,190.5,0.71,-30.5,-0.11,673,1.35
213,Entry long,2024-11-07 02:15,W-Long,2667.1,1,26671,189,0.71,190.5,0.71,-30.5,-0.11,673,1.35
214,Exit long,2024-11-08 10:10,WL-Exit,2692.8,1,27005,-80,-0.30,110.5,0.41,-78.5,-0.29,593,1.19
214,Entry long,2024-11-08 06:45,W-Long,2700.5,1,27005,-80,-0.30,110.5,0.41,-78.5,-0.29,593,1.19
215,Exit short,2024-11-12 08:20,MS-Exit,2617.2,1,26066,-109,-0.42,107.5,0.41,-107.5,-0.41,484,0.97
215,Entry short,2024-11-12 02:25,M-Short,2606.6,1,26066,-109,-0.42,107.5,0.41,-107.5,-0.41,484,0.97
216,Exit short,2024-11-13 08:30,MS-Exit,2619.7,1,26076,-124,-0.48,84.5,0.32,-122.5,-0.47,360,0.72
216,Entry short,2024-11-12 10:45,M-Short,2607.6,1,26076,-124,-0.48,84.5,0.32,-122.5,-0.47,360,0.72
217,Exit short,2024-11-14 02:30,MS-Exit,2562.9,1,25557,-75,-0.29,2.5,0.01,-73.5,-0.29,285,0.57
217,Entry short,2024-11-14 02:15,M-Short,2555.7,1,25557,-75,-0.29,2.5,0.01,-73.5,-0.29,285,0.57
218,Exit short,2024-11-14 08:40,MS-Exit,2564.6,1,25565,-84,-0.33,148.5,0.58,-82.5,-0.32,201,0.40
218,Entry short,2024-11-14 04:20,M-Short,2556.5,1,25565,-84,-0.33,148.5,0.58,-82.5,-0.32,201,0.40
219,Exit short,2024-11-19 12:25,MS-Exit,2636.7,1,26269,-101,-0.38,22.5,0.09,-99.5,-0.38,100,0.20
219,Entry short,2024-11-19 10:00,M-Short,2626.9,1,26269,-101,-0.38,22.5,0.09,-99.5,-0.38,100,0.20
220,Exit long,2024-11-21 04:35,WL-Exit,2666.8,1,26736,-71,-0.27,0,0.00,-69.5,-0.26,29,0.06
220,Entry long,2024-11-21 04:05,W-Long,2673.6,1,26736,-71,-0.27,0,0.00,-69.5,-0.26,29,0.06
221,Exit long,2024-11-21 07:10,WL-Exit,2666.5,1,26747,-85,-0.32,15.5,0.06,-83.5,-0.31,-56,-0.11
221,Entry long,2024-11-21 06:20,W-Long,2674.7,1,26747,-85,-0.32,15.5,0.06,-83.5,-0.31,-56,-0.11
222,Exit long,2024-11-22 09:30,WL-Exit,2686.9,1,26939,-73,-0.27,184.5,0.68,-71.5,-0.27,-129,-0.26
222,Entry long,2024-11-22 02:05,W-Long,2693.9,1,26939,-73,-0.27,184.5,0.68,-71.5,-0.27,-129,-0.26
223,Exit short,2024-11-26 04:35,MS-Exit,2624.7,1,26192,-58,-0.22,81.5,0.31,-56.5,-0.22,-187,-0.37
223,Entry short,2024-11-26 02:25,M-Short,2619.2,1,26192,-58,-0.22,81.5,0.31,-56.5,-0.22,-187,-0.37
224,Exit short,2024-11-26 18:00,MS-Exit,2661.4,1,26225,-392,-1.49,26.5,0.10,-390.5,-1.49,-579,-1.16
224,Entry short,2024-11-26 09:45,M-Short,2622.5,1,26225,-392,-1.49,26.5,0.10,-390.5,-1.49,-579,-1.16
225,Exit long,2024-11-28 20:00,WL-Exit,2658.6,1,26641,-58,-0.22,92.5,0.35,-56.5,-0.21,-637,-1.27
225,Entry long,2024-11-28 03:35,W-Long,2664.1,1,26641,-58,-0.22,92.5,0.35,-56.5,-0.21,-637,-1.27
226,Exit long,2024-12-04 10:25,WL-Exit,2679.9,1,26551,245,0.92,246.5,0.93,-61.5,-0.23,-392,-0.78
226,Entry long,2024-12-02 02:40,W-Long,2655.1,1,26551,245,0.92,246.5,0.93,-61.5,-0.23,-392,-0.78
227,Exit long,2024-12-05 03:15,WL-Exit,2669.2,1,26760,-71,-0.27,0,0.00,-69.5,-0.26,-463,-0.93
227,Entry long,2024-12-05 02:40,W-Long,2676,1,26760,-71,-0.27,0,0.00,-69.5,-0.26,-463,-0.93
228,Exit long,2024-12-05 07:30,WL-Exit,2670.8,1,26759,-54,-0.20,2.5,0.01,-52.5,-0.20,-517,-1.03
228,Entry long,2024-12-05 06:55,W-Long,2675.9,1,26759,-54,-0.20,2.5,0.01,-52.5,-0.20,-517,-1.03
229,Exit long,2024-12-09 08:45,WL-Exit,2686.7,1,26650,214,0.80,215.5,0.81,-7.5,-0.03,-303,-0.61
229,Entry long,2024-12-09 02:05,W-Long,2665,1,26650,214,0.80,215.5,0.81,-7.5,-0.03,-303,-0.61
230,Exit long,2024-12-10 16:35,WL-Exit,2721.4,1,26873,338,1.26,339.5,1.26,-80.5,-0.30,35,0.07
230,Entry long,2024-12-09 08:50,W-Long,2687.3,1,26873,338,1.26,339.5,1.26,-80.5,-0.30,35,0.07
231,Exit long,2024-12-16 10:20,WL-Exit,2669.7,1,26760,-66,-0.25,73.5,0.27,-64.5,-0.24,-31,-0.06
231,Entry long,2024-12-16 03:25,W-Long,2676,1,26760,-66,-0.25,73.5,0.27,-64.5,-0.24,-31,-0.06
232,Exit long,2024-12-17 03:35,WL-Exit,2662.9,1,26731,-105,-0.39,3.5,0.01,-103.5,-0.39,-136,-0.27
232,Entry long,2024-12-17 02:40,W-Long,2673.1,1,26731,-105,-0.39,3.5,0.01,-103.5,-0.39,-136,-0.27
233,Exit long,2024-12-18 10:00,WL-Exit,2651.9,1,26622,-106,-0.40,52.5,0.20,-104.5,-0.39,-242,-0.48
233,Entry long,2024-12-17 13:00,W-Long,2662.2,1,26622,-106,-0.40,52.5,0.20,-104.5,-0.39,-242,-0.48
234,Exit short,2024-12-20 08:50,MS-Exit,2629.3,1,26206,-90,-0.34,194.5,0.74,-88.5,-0.34,-332,-0.66
234,Entry short,2024-12-19 08:00,M-Short,2620.6,1,26206,-90,-0.34,194.5,0.74,-88.5,-0.34,-332,-0.66
235,Exit short,2024-12-25 20:20,MS-Exit,2644.6,1,26375,-74,-0.28,142.5,0.54,-72.5,-0.27,-406,-0.81
235,Entry short,2024-12-23 05:20,M-Short,2637.5,1,26375,-74,-0.28,142.5,0.54,-72.5,-0.27,-406,-0.81
236,Exit short,2024-12-27 07:05,MS-Exit,2646,1,26423,-40,-0.15,37.5,0.14,-38.5,-0.15,-446,-0.89
236,Entry short,2024-12-27 03:50,M-Short,2642.3,1,26423,-40,-0.15,37.5,0.14,-38.5,-0.15,-446,-0.89
237,Exit short,2025-01-01 18:00,MS-Exit,2643.8,1,26336,-105,-0.40,254.5,0.97,-103.5,-0.39,-551,-1.10
237,Entry short,2024-12-27 08:35,M-Short,2633.6,1,26336,-105,-0.40,254.5,0.97,-103.5,-0.39,-551,-1.10
238,Exit long,2025-01-10 01:40,WL-Exit,2701.6,1,26839,174,0.65,175.5,0.65,-31.5,-0.12,-377,-0.75
238,Entry long,2025-01-09 05:40,W-Long,2683.9,1,26839,174,0.65,175.5,0.65,-31.5,-0.12,-377,-0.75
239,Exit long,2025-01-14 04:35,WL-Exit,2680.3,1,26888,-88,-0.33,13.5,0.05,-86.5,-0.32,-465,-0.93
239,Entry long,2025-01-14 03:30,W-Long,2688.8,1,26888,-88,-0.33,13.5,0.05,-86.5,-0.32,-465,-0.93
240,Exit long,2025-01-16 06:55,WL-Exit,2733,1,27383,-56,-0.20,19.5,0.07,-54.5,-0.20,-521,-1.04
240,Entry long,2025-01-16 05:10,W-Long,2738.3,1,27383,-56,-0.20,19.5,0.07,-54.5,-0.20,-521,-1.04
241,Exit long,2025-01-20 08:35,WL-Exit,2726.6,1,27420,-157,-0.57,169.5,0.62,-155.5,-0.57,-678,-1.36
241,Entry long,2025-01-16 08:35,W-Long,2742,1,27420,-157,-0.57,169.5,0.62,-155.5,-0.57,-678,-1.36
242,Exit long,2025-01-21 11:20,WL-Exit,2760.1,1,27400,198,0.72,199.5,0.73,-43.5,-0.16,-480,-0.96
242,Entry long,2025-01-21 08:05,W-Long,2740,1,27400,198,0.72,199.5,0.73,-43.5,-0.16,-480,-0.96
243,Exit long,2025-01-27 09:30,WL-Exit,2747.7,1,27598,-124,-0.45,348.5,1.26,-122.5,-0.44,-604,-1.21
243,Entry long,2025-01-23 11:35,W-Long,2759.8,1,27598,-124,-0.45,348.5,1.26,-122.5,-0.44,-604,-1.21
244,Exit long,2025-01-28 09:30,WL-Exit,2760.5,1,27494,108,0.39,109.5,0.40,-5.5,-0.02,-496,-0.99
244,Entry long,2025-01-28 08:00,W-Long,2749.4,1,27494,108,0.39,109.5,0.40,-5.5,-0.02,-496,-0.99
245,Exit long,2025-01-29 18:00,WL-Exit,2797,1,27577,390,1.41,391.5,1.42,-18.5,-0.07,-106,-0.21
245,Entry long,2025-01-28 09:45,W-Long,2757.7,1,27577,390,1.41,391.5,1.42,-18.5,-0.07,-106,-0.21
246,Exit long,2025-01-30 10:05,WL-Exit,2837.6,1,28113,260,0.92,261.5,0.93,-27.5,-0.10,154,0.31
246,Entry long,2025-01-30 03:55,W-Long,2811.3,1,28113,260,0.92,261.5,0.93,-27.5,-0.10,154,0.31
247,Exit long,2025-01-31 12:10,WL-Exit,2844.9,1,28525,-79,-0.28,101.5,0.36,-77.5,-0.27,75,0.15
247,Entry long,2025-01-31 09:35,W-Long,2852.5,1,28525,-79,-0.28,101.5,0.36,-77.5,-0.27,75,0.15
248,Exit long,2025-02-03 07:35,WL-Exit,2844.2,1,28231,208,0.74,209.5,0.74,-35.5,-0.13,283,0.57
248,Entry long,2025-02-03 02:45,W-Long,2823.1,1,28231,208,0.74,209.5,0.74,-35.5,-0.13,283,0.57
249,Exit long,2025-02-05 03:55,WL-Exit,2895.9,1,28459,497,1.75,498.5,1.75,-81.5,-0.29,780,1.56
249,Entry long,2025-02-03 08:10,W-Long,2845.9,1,28459,497,1.75,498.5,1.75,-81.5,-0.29,780,1.56
250,Exit long,2025-02-06 08:50,WL-Exit,2879.8,1,28856,-61,-0.21,84.5,0.29,-59.5,-0.21,719,1.44
250,Entry long,2025-02-06 06:20,W-Long,2885.6,1,28856,-61,-0.21,84.5,0.29,-59.5,-0.21,719,1.44
251,Exit long,2025-02-07 08:10,WL-Exit,2885.8,1,28896,-41,-0.14,77.5,0.27,-39.5,-0.14,678,1.36
251,Entry long,2025-02-07 03:10,W-Long,2889.6,1,28896,-41,-0.14,77.5,0.27,-39.5,-0.14,678,1.36
252,Exit long,2025-02-24 09:00,WL-Exit,2974,1,29002,735,2.53,736.5,2.54,-225.5,-0.78,1413,2.83
252,Entry long,2025-02-07 09:40,W-Long,2900.2,1,29002,735,2.53,736.5,2.54,-225.5,-0.78,1413,2.83
253,Exit long,2025-02-24 22:45,WL-Exit,2956.5,1,29629,-67,-0.23,73.5,0.25,-65.5,-0.22,1346,2.69
253,Entry long,2025-02-24 13:30,W-Long,2962.9,1,29629,-67,-0.23,73.5,0.25,-65.5,-0.22,1346,2.69
254,Exit long,2025-02-25 10:15,WL-Exit,2939.3,1,29569,-179,-0.61,0,0.00,-177.5,-0.60,1167,2.33
254,Entry long,2025-02-25 09:40,W-Long,2956.9,1,29569,-179,-0.61,0,0.00,-177.5,-0.60,1167,2.33
255,Exit long,2025-03-04 02:25,WL-Exit,2908.5,1,28820,262,0.91,263.5,0.91,-70.5,-0.24,1429,2.86
255,Entry long,2025-03-03 05:45,W-Long,2882,1,28820,262,0.91,263.5,0.91,-70.5,-0.24,1429,2.86
256,Exit long,2025-03-04 09:35,WL-Exit,2921.6,1,29293,-80,-0.27,103.5,0.35,-78.5,-0.27,1349,2.70
256,Entry long,2025-03-04 06:40,W-Long,2929.3,1,29293,-80,-0.27,103.5,0.35,-78.5,-0.27,1349,2.70
257,Exit long,2025-03-06 19:10,WL-Exit,2906.1,1,29209,-151,-0.52,107.5,0.37,-149.5,-0.51,1198,2.40
257,Entry long,2025-03-06 09:35,W-Long,2920.9,1,29209,-151,-0.52,107.5,0.37,-149.5,-0.51,1198,2.40
258,Exit long,2025-03-07 08:25,WL-Exit,2917.2,1,29216,-47,-0.16,95.5,0.33,-45.5,-0.16,1151,2.30
258,Entry long,2025-03-07 02:05,W-Long,2921.6,1,29216,-47,-0.16,95.5,0.33,-45.5,-0.16,1151,2.30
259,Exit long,2025-03-10 03:50,WL-Exit,2915.3,1,29206,-56,-0.19,12.5,0.04,-54.5,-0.19,1095,2.19
259,Entry long,2025-03-10 03:05,W-Long,2920.6,1,29206,-56,-0.19,12.5,0.04,-54.5,-0.19,1095,2.19
260,Exit long,2025-03-11 09:45,WL-Exit,2928.4,1,29047,234,0.81,235.5,0.81,-34.5,-0.12,1329,2.66
260,Entry long,2025-03-11 02:35,W-Long,2904.7,1,29047,234,0.81,235.5,0.81,-34.5,-0.12,1329,2.66
261,Exit long,2025-03-11 13:25,WL-Exit,2920.4,1,29255,-54,-0.18,3.5,0.01,-52.5,-0.18,1275,2.55
261,Entry long,2025-03-11 13:15,W-Long,2925.5,1,29255,-54,-0.18,3.5,0.01,-52.5,-0.18,1275,2.55
262,Exit long,2025-03-13 09:00,WL-Exit,2949.2,1,29551,-62,-0.21,37.5,0.13,-60.5,-0.20,1213,2.43
262,Entry long,2025-03-13 05:25,W-Long,2955.1,1,29551,-62,-0.21,37.5,0.13,-60.5,-0.20,1213,2.43
263,Exit long,2025-03-17 22:45,WL-Exit,3019.2,1,29983,206,0.69,207.5,0.69,-69.5,-0.23,1419,2.84
263,Entry long,2025-03-17 02:30,W-Long,2998.3,1,29983,206,0.69,207.5,0.69,-69.5,-0.23,1419,2.84
264,Exit long,2025-03-19 01:55,WL-Exit,3052.1,1,30273,245,0.81,246.5,0.81,-30.5,-0.10,1664,3.33
264,Entry long,2025-03-18 03:15,W-Long,3027.3,1,30273,245,0.81,246.5,0.81,-30.5,-0.10,1664,3.33
265,Exit long,2025-03-21 09:30,WL-Exit,3035.8,1,30415,-60,-0.20,36.5,0.12,-58.5,-0.19,1604,3.21
265,Entry long,2025-03-21 07:45,W-Long,3041.5,1,30415,-60,-0.20,36.5,0.12,-58.5,-0.19,1604,3.21
266,Exit long,2025-03-24 09:35,WL-Exit,3026.5,1,30336,-74,-0.24,46.5,0.15,-72.5,-0.24,1530,3.06
266,Entry long,2025-03-24 05:05,W-Long,3033.6,1,30336,-74,-0.24,46.5,0.15,-72.5,-0.24,1530,3.06
267,Exit long,2025-03-27 06:35,WL-Exit,3063.6,1,30437,196,0.64,197.5,0.65,-11.5,-0.04,1726,3.45
267,Entry long,2025-03-27 03:50,W-Long,3043.7,1,30437,196,0.64,197.5,0.65,-11.5,-0.04,1726,3.45
268,Exit long,2025-03-28 04:10,WL-Exit,3114.5,1,31191,-49,-0.16,51.5,0.17,-47.5,-0.15,1677,3.35
268,Entry long,2025-03-28 02:10,W-Long,3119.1,1,31191,-49,-0.16,51.5,0.17,-47.5,-0.15,1677,3.35
269,Exit long,2025-03-28 10:35,WL-Exit,3103.2,1,31205,-176,-0.56,17.5,0.06,-174.5,-0.56,1501,3.00
269,Entry long,2025-03-28 10:05,W-Long,3120.5,1,31205,-176,-0.56,17.5,0.06,-174.5,-0.56,1501,3.00
270,Exit long,2025-03-31 09:40,WL-Exit,3137.6,1,31524,-151,-0.48,79.5,0.25,-149.5,-0.47,1350,2.70
270,Entry long,2025-03-31 02:10,W-Long,3152.4,1,31524,-151,-0.48,79.5,0.25,-149.5,-0.47,1350,2.70
271,Exit long,2025-04-04 03:00,WL-Exit,3120.3,1,31302,-102,-0.33,3.5,0.01,-100.5,-0.32,1248,2.50
271,Entry long,2025-04-04 02:05,W-Long,3130.2,1,31302,-102,-0.33,3.5,0.01,-100.5,-0.32,1248,2.50
272,Exit long,2025-04-04 08:35,WL-Exit,3104.7,1,31289,-245,-0.78,313.5,1.00,-243.5,-0.78,1003,2.01
272,Entry long,2025-04-04 06:30,W-Long,3128.9,1,31289,-245,-0.78,313.5,1.00,-243.5,-0.78,1003,2.01
273,Exit long,2025-04-07 08:35,WL-Exit,3034.8,1,30518,-173,-0.57,124.5,0.41,-171.5,-0.56,830,1.66
273,Entry long,2025-04-07 04:55,W-Long,3051.8,1,30518,-173,-0.57,124.5,0.41,-171.5,-0.56,830,1.66
274,Exit long,2025-04-08 05:15,WL-Exit,3015.4,1,30247,-96,-0.32,57.5,0.19,-94.5,-0.31,734,1.47
274,Entry long,2025-04-08 02:25,W-Long,3024.7,1,30247,-96,-0.32,57.5,0.19,-94.5,-0.31,734,1.47
275,Exit long,2025-04-08 08:25,WL-Exit,3018.3,1,30284,-104,-0.34,76.5,0.25,-102.5,-0.34,630,1.26
275,Entry long,2025-04-08 07:25,W-Long,3028.4,1,30284,-104,-0.34,76.5,0.25,-102.5,-0.34,630,1.26
276,Exit long,2025-04-10 11:25,WL-Exit,3187.9,1,31368,508,1.62,509.5,1.62,-84.5,-0.27,1138,2.28
276,Entry long,2025-04-10 06:25,W-Long,3136.8,1,31368,508,1.62,509.5,1.62,-84.5,-0.27,1138,2.28
277,Exit long,2025-04-14 08:40,WL-Exit,3219.8,1,32366,-171,-0.53,261.5,0.81,-169.5,-0.52,967,1.93
277,Entry long,2025-04-11 04:15,W-Long,3236.6,1,32366,-171,-0.53,261.5,0.81,-169.5,-0.52,967,1.93
278,Exit long,2025-04-15 18:50,WL-Exit,3257.1,1,32407,161,0.50,162.5,0.50,-4.5,-0.01,1128,2.26
278,Entry long,2025-04-15 13:30,W-Long,3240.7,1,32407,161,0.50,162.5,0.50,-4.5,-0.01,1128,2.26
279,Exit long,2025-04-21 09:00,WL-Exit,3433.7,1,33969,365,1.07,366.5,1.08,-38.5,-0.11,1493,2.99
279,Entry long,2025-04-21 02:05,W-Long,3396.9,1,33969,365,1.07,366.5,1.08,-38.5,-0.11,1493,2.99
280,Exit long,2025-04-22 02:20,WL-Exit,3494.4,1,35062,-121,-0.35,30.5,0.09,-119.5,-0.34,1372,2.74
280,Entry long,2025-04-22 02:15,W-Long,3506.2,1,35062,-121,-0.35,30.5,0.09,-119.5,-0.34,1372,2.74
281,Exit long,2025-04-24 09:00,WL-Exit,3345.2,1,33551,-102,-0.30,13.5,0.04,-100.5,-0.30,1270,2.54
281,Entry long,2025-04-24 08:40,W-Long,3355.1,1,33551,-102,-0.30,13.5,0.04,-100.5,-0.30,1270,2.54
282,Exit long,2025-04-28 15:05,WL-Exit,3362.9,1,33105,521,1.57,522.5,1.58,-136.5,-0.41,1791,3.58
282,Entry long,2025-04-28 08:25,W-Long,3310.5,1,33105,521,1.57,522.5,1.58,-136.5,-0.41,1791,3.58
283,Exit long,2025-05-02 08:30,WL-Exit,3257.6,1,32693,-120,-0.37,74.5,0.23,-118.5,-0.36,1671,3.34
283,Entry long,2025-05-02 03:40,W-Long,3269.3,1,32693,-120,-0.37,74.5,0.23,-118.5,-0.36,1671,3.34
284,Exit long,2025-05-05 05:15,WL-Exit,3300.6,1,32752,251,0.77,252.5,0.77,-42.5,-0.13,1922,3.84
284,Entry long,2025-05-05 03:50,W-Long,3275.2,1,32752,251,0.77,252.5,0.77,-42.5,-0.13,1922,3.84
285,Exit long,2025-05-06 13:15,WL-Exit,3422.5,1,33822,400,1.18,401.5,1.19,-67.5,-0.20,2322,4.64
285,Entry long,2025-05-06 03:25,W-Long,3382.2,1,33822,400,1.18,401.5,1.19,-67.5,-0.20,2322,4.64
286,Exit long,2025-05-06 18:25,WL-Exit,3398.5,1,34231,-249,-0.73,247.5,0.72,-247.5,-0.72,2073,4.15
286,Entry long,2025-05-06 13:20,W-Long,3423.1,1,34231,-249,-0.73,247.5,0.72,-247.5,-0.72,2073,4.15
287,Exit long,2025-05-11 18:00,WL-Exit,3292.1,1,33318,-400,-1.20,210.5,0.63,-398.5,-1.20,1673,3.35
287,Entry long,2025-05-09 03:15,W-Long,3331.8,1,33318,-400,-1.20,210.5,0.63,-398.5,-1.20,1673,3.35
288,Exit long,2025-05-15 12:40,WL-Exit,3225.8,1,31799,456,1.43,457.5,1.44,-46.5,-0.15,2129,4.26
288,Entry long,2025-05-15 06:20,W-Long,3179.9,1,31799,456,1.43,457.5,1.44,-46.5,-0.15,2129,4.26
289,Exit long,2025-05-15 22:55,WL-Exit,3216.7,1,32294,-130,-0.40,263.5,0.82,-128.5,-0.40,1999,4.00
289,Entry long,2025-05-15 13:05,W-Long,3229.4,1,32294,-130,-0.40,263.5,0.82,-128.5,-0.40,1999,4.00
290,Exit long,2025-05-19 20:35,WL-Exit,3215.5,1,32333,-181,-0.56,183.5,0.57,-179.5,-0.56,1818,3.64
290,Entry long,2025-05-19 02:20,W-Long,3233.3,1,32333,-181,-0.56,183.5,0.57,-179.5,-0.56,1818,3.64
291,Exit long,2025-05-20 08:30,WL-Exit,3249.8,1,32274,221,0.68,222.5,0.69,-22.5,-0.07,2039,4.08
291,Entry long,2025-05-20 04:35,W-Long,3227.4,1,32274,221,0.68,222.5,0.69,-22.5,-0.07,2039,4.08
292,Exit long,2025-05-23 04:00,WL-Exit,3326.6,1,33334,-71,-0.21,0,0.00,-69.5,-0.21,1968,3.94
292,Entry long,2025-05-23 03:50,W-Long,3333.4,1,33334,-71,-0.21,0,0.00,-69.5,-0.21,1968,3.94
293,Exit long,2025-05-26 21:40,WL-Exit,3333.3,1,33402,-72,-0.22,93.5,0.28,-70.5,-0.21,1896,3.79
293,Entry long,2025-05-26 10:05,W-Long,3340.2,1,33402,-72,-0.22,93.5,0.28,-70.5,-0.21,1896,3.79
294,Exit long,2025-05-29 08:15,WL-Exit,3332.9,1,33028,298,0.90,299.5,0.91,-26.5,-0.08,2194,4.39
294,Entry long,2025-05-29 03:20,W-Long,3302.8,1,33028,298,0.90,299.5,0.91,-26.5,-0.08,2194,4.39
295,Exit long,2025-05-29 22:45,WL-Exit,3321.6,1,33337,-124,-0.37,222.5,0.67,-122.5,-0.37,2070,4.14
295,Entry long,2025-05-29 08:20,W-Long,3333.7,1,33337,-124,-0.37,222.5,0.67,-122.5,-0.37,2070,4.14
296,Exit long,2025-06-02 09:55,WL-Exit,3401.3,1,33772,238,0.70,239.5,0.71,-29.5,-0.09,2308,4.62
296,Entry long,2025-06-02 07:25,W-Long,3377.2,1,33772,238,0.70,239.5,0.71,-29.5,-0.09,2308,4.62
297,Exit long,2025-06-05 06:25,WL-Exit,3418.8,1,33988,197,0.58,198.5,0.58,-13.5,-0.04,2505,5.01
297,Entry long,2025-06-05 05:00,W-Long,3398.8,1,33988,197,0.58,198.5,0.58,-13.5,-0.04,2505,5.01
298,Exit long,2025-06-05 09:00,WL-Exit,3395.8,1,34232,-277,-0.81,14.5,0.04,-275.5,-0.80,2228,4.46
298,Entry long,2025-06-05 07:25,W-Long,3423.2,1,34232,-277,-0.81,14.5,0.04,-275.5,-0.80,2228,4.46
299,Exit long,2025-06-09 09:20,WL-Exit,3331.4,1,33373,-62,-0.19,120.5,0.36,-60.5,-0.18,2166,4.33
299,Entry long,2025-06-09 02:20,W-Long,3337.3,1,33373,-62,-0.19,120.5,0.36,-60.5,-0.18,2166,4.33
300,Exit long,2025-06-09 20:40,WL-Exit,3335.1,1,33512,-164,-0.49,76.5,0.23,-162.5,-0.48,2002,4.00
300,Entry long,2025-06-09 11:25,W-Long,3351.2,1,33512,-164,-0.49,76.5,0.23,-162.5,-0.48,2002,4.00
301,Exit long,2025-06-10 12:10,WL-Exit,3343.3,1,33520,-90,-0.27,180.5,0.54,-88.5,-0.26,1912,3.82
301,Entry long,2025-06-10 03:35,W-Long,3352,1,33520,-90,-0.27,180.5,0.54,-88.5,-0.26,1912,3.82
302,Exit long,2025-06-12 20:05,WL-Exit,3426,1,33918,339,1.00,340.5,1.00,-10.5,-0.03,2251,4.50
302,Entry long,2025-06-12 06:20,W-Long,3391.8,1,33918,339,1.00,340.5,1.00,-10.5,-0.03,2251,4.50
303,Exit long,2025-06-13 12:10,WL-Exit,3439.9,1,34507,-111,-0.32,170.5,0.49,-109.5,-0.32,2140,4.28
303,Entry long,2025-06-13 08:35,W-Long,3450.7,1,34507,-111,-0.32,170.5,0.49,-109.5,-0.32,2140,4.28
304,Exit long,2025-06-15 18:00,WL-Exit,3472.5,1,34528,194,0.56,195.5,0.57,-55.5,-0.16,2334,4.67
304,Entry long,2025-06-13 13:20,W-Long,3452.8,1,34528,194,0.56,195.5,0.57,-55.5,-0.16,2334,4.67
305,Exit long,2025-06-17 10:30,WL-Exit,3395.3,1,34125,-175,-0.51,63.5,0.19,-173.5,-0.51,2159,4.32
305,Entry long,2025-06-17 06:20,W-Long,3412.5,1,34125,-175,-0.51,63.5,0.19,-173.5,-0.51,2159,4.32
306,Exit long,2025-06-19 08:10,WL-Exit,3384.7,1,33921,-77,-0.23,42.5,0.13,-75.5,-0.22,2082,4.16
306,Entry long,2025-06-19 06:25,W-Long,3392.1,1,33921,-77,-0.23,42.5,0.13,-75.5,-0.22,2082,4.16
307,Exit long,2025-06-20 13:35,WL-Exit,3384,1,33894,-57,-0.17,0,0.00,-55.5,-0.16,2025,4.05
307,Entry long,2025-06-20 12:45,W-Long,3389.4,1,33894,-57,-0.17,0,0.00,-55.5,-0.16,2025,4.05
308,Exit long,2025-06-23 08:15,WL-Exit,3379,1,33869,-82,-0.24,108.5,0.32,-80.5,-0.24,1943,3.89
308,Entry long,2025-06-23 07:05,W-Long,3386.9,1,33869,-82,-0.24,108.5,0.32,-80.5,-0.24,1943,3.89
309,Exit long,2025-06-23 12:40,WL-Exit,3400.2,1,34081,-82,-0.24,18.5,0.05,-80.5,-0.24,1861,3.72
309,Entry long,2025-06-23 12:25,W-Long,3408.1,1,34081,-82,-0.24,18.5,0.05,-80.5,-0.24,1861,3.72
310,Exit long,2025-06-26 08:35,WL-Exit,3344.7,1,33531,-87,-0.26,106.5,0.32,-85.5,-0.25,1774,3.55
310,Entry long,2025-06-26 03:00,W-Long,3353.1,1,33531,-87,-0.26,106.5,0.32,-85.5,-0.25,1774,3.55
311,Exit long,2025-06-26 18:40,WL-Exit,3332.5,1,33461,-139,-0.42,36.5,0.11,-137.5,-0.41,1635,3.27
311,Entry long,2025-06-26 12:50,W-Long,3346.1,1,33461,-139,-0.42,36.5,0.11,-137.5,-0.41,1635,3.27
312,Exit long,2025-07-01 20:00,WL-Exit,3343.7,1,33532,-98,-0.29,169.5,0.51,-96.5,-0.29,1537,3.07
312,Entry long,2025-07-01 04:05,W-Long,3353.2,1,33532,-98,-0.29,169.5,0.51,-96.5,-0.29,1537,3.07
313,Exit long,2025-07-07 18:00,WL-Exit,3351.4,1,33344,167,0.50,168.5,0.51,-11.5,-0.03,1704,3.41
313,Entry long,2025-07-07 12:25,W-Long,3334.4,1,33344,167,0.50,168.5,0.51,-11.5,-0.03,1704,3.41
314,Exit long,2025-07-08 03:35,WL-Exit,3341.4,1,33480,-69,-0.21,14.5,0.04,-67.5,-0.20,1635,3.27
314,Entry long,2025-07-08 03:05,W-Long,3348,1,33480,-69,-0.21,14.5,0.04,-67.5,-0.20,1635,3.27
315,Exit long,2025-07-10 03:50,WL-Exit,3328.2,1,33330,-51,-0.15,49.5,0.15,-49.5,-0.15,1584,3.17
315,Entry long,2025-07-10 02:15,W-Long,3333,1,33330,-51,-0.15,49.5,0.15,-49.5,-0.15,1584,3.17
316,Exit long,2025-07-10 07:55,WL-Exit,3327.3,1,33367,-97,-0.29,29.5,0.09,-95.5,-0.29,1487,2.97
316,Entry long,2025-07-10 04:50,W-Long,3336.7,1,33367,-97,-0.29,29.5,0.09,-95.5,-0.29,1487,2.97
317,Exit long,2025-07-15 09:35,WL-Exit,3342.5,1,33568,-146,-0.43,323.5,0.96,-144.5,-0.43,1341,2.68
317,Entry long,2025-07-11 06:30,W-Long,3356.8,1,33568,-146,-0.43,323.5,0.96,-144.5,-0.43,1341,2.68
318,Exit long,2025-07-21 09:40,WL-Exit,3399.3,1,33375,615,1.84,616.5,1.85,-16.5,-0.05,1956,3.91
318,Entry long,2025-07-17 10:35,W-Long,3337.5,1,33375,615,1.84,616.5,1.85,-16.5,-0.05,1956,3.91
319,Exit long,2025-07-23 11:55,WL-Exit,3413.6,1,34339,-206,-0.60,175.5,0.51,-204.5,-0.60,1750,3.50
319,Entry long,2025-07-22 10:25,W-Long,3433.9,1,34339,-206,-0.60,175.5,0.51,-204.5,-0.60,1750,3.50
320,Exit long,2025-07-28 02:30,WL-Exit,3336.7,1,33414,-50,-0.15,22.5,0.07,-48.5,-0.15,1700,3.40
320,Entry long,2025-07-28 02:05,W-Long,3341.4,1,33414,-50,-0.15,22.5,0.07,-48.5,-0.15,1700,3.40
321,Exit short,2025-07-29 08:20,MS-Exit,3321.1,1,33151,-63,-0.19,24.5,0.07,-61.5,-0.19,1637,3.27
321,Entry short,2025-07-29 07:40,M-Short,3315.1,1,33151,-63,-0.19,24.5,0.07,-61.5,-0.19,1637,3.27
322,Exit short,2025-07-29 10:35,MS-Exit,3324.2,1,33122,-123,-0.37,21.5,0.06,-121.5,-0.37,1514,3.03
322,Entry short,2025-07-29 09:35,M-Short,3312.2,1,33122,-123,-0.37,21.5,0.06,-121.5,-0.37,1514,3.03
323,Exit long,2025-07-31 11:05,WL-Exit,3343.4,1,33526,-95,-0.28,139.5,0.42,-93.5,-0.28,1419,2.84
323,Entry long,2025-07-31 02:10,W-Long,3352.6,1,33526,-95,-0.28,139.5,0.42,-93.5,-0.28,1419,2.84
324,Exit long,2025-08-04 09:10,WL-Exit,3426.2,1,34129,130,0.38,131.5,0.39,-1.5,0.00,1549,3.10
324,Entry long,2025-08-04 07:05,W-Long,3412.9,1,34129,130,0.38,131.5,0.39,-1.5,0.00,1549,3.10
325,Exit long,2025-08-05 06:05,WL-Exit,3411.8,1,34299,-184,-0.54,94.5,0.28,-182.5,-0.53,1365,2.73
325,Entry long,2025-08-04 09:35,W-Long,3429.9,1,34299,-184,-0.54,94.5,0.28,-182.5,-0.53,1365,2.73
326,Exit long,2025-08-08 03:35,WL-Exit,3492.1,1,35055,-137,-0.39,10.5,0.03,-135.5,-0.39,1228,2.46
326,Entry long,2025-08-08 03:10,W-Long,3505.5,1,35055,-137,-0.39,10.5,0.03,-135.5,-0.39,1228,2.46
327,Exit long,2025-08-12 10:15,WL-Exit,3384.1,1,34063,-225,-0.66,13.5,0.04,-223.5,-0.66,1003,2.01
327,Entry long,2025-08-12 08:50,W-Long,3406.3,1,34063,-225,-0.66,13.5,0.04,-223.5,-0.66,1003,2.01
328,Exit long,2025-08-14 12:15,WL-Exit,3378.2,1,34064,-285,-0.84,172.5,0.51,-283.5,-0.83,718,1.44
328,Entry long,2025-08-12 11:30,W-Long,3406.4,1,34064,-285,-0.84,172.5,0.51,-283.5,-0.83,718,1.44
329,Exit long,2025-08-15 04:40,WL-Exit,3384.9,1,33926,-80,-0.24,1.5,0.00,-78.5,-0.23,638,1.28
329,Entry long,2025-08-15 04:05,W-Long,3392.6,1,33926,-80,-0.24,1.5,0.00,-78.5,-0.23,638,1.28
330,Exit long,2025-08-18 04:10,WL-Exit,3391.5,1,33959,-47,-0.14,48.5,0.14,-45.5,-0.13,591,1.18
330,Entry long,2025-08-18 03:10,W-Long,3395.9,1,33959,-47,-0.14,48.5,0.14,-45.5,-0.13,591,1.18
331,Exit long,2025-08-21 09:45,WL-Exit,3376.9,1,33901,-135,-0.40,5.5,0.02,-133.5,-0.39,456,0.91
331,Entry long,2025-08-21 09:35,W-Long,3390.1,1,33901,-135,-0.40,5.5,0.02,-133.5,-0.39,456,0.91
332,Exit long,2025-08-22 10:30,WL-Exit,3414.7,1,33762,382,1.13,383.5,1.14,-19.5,-0.06,838,1.68
332,Entry long,2025-08-22 09:45,W-Long,3376.2,1,33762,382,1.13,383.5,1.14,-19.5,-0.06,838,1.68
333,Exit long,2025-08-25 09:00,WL-Exit,3408.6,1,34143,-60,-0.18,20.5,0.06,-58.5,-0.17,778,1.56
333,Entry long,2025-08-25 07:35,W-Long,3414.3,1,34143,-60,-0.18,20.5,0.06,-58.5,-0.17,778,1.56
334,Exit long,2025-08-25 19:10,WL-Exit,3405.7,1,34182,-128,-0.37,32.5,0.10,-126.5,-0.37,650,1.30
334,Entry long,2025-08-25 10:05,W-Long,3418.2,1,34182,-128,-0.37,32.5,0.10,-126.5,-0.37,650,1.30
335,Exit long,2025-08-27 03:10,WL-Exit,3424.2,1,34352,-113,-0.33,90.5,0.26,-111.5,-0.32,537,1.07
335,Entry long,2025-08-26 12:00,W-Long,3435.2,1,34352,-113,-0.33,90.5,0.26,-111.5,-0.32,537,1.07
336,Exit long,2025-08-28 20:15,WL-Exit,3479.4,1,34558,233,0.67,234.5,0.68,-55.5,-0.16,770,1.54
336,Entry long,2025-08-28 04:40,W-Long,3455.8,1,34558,233,0.67,234.5,0.68,-55.5,-0.16,770,1.54
337,Exit long,2025-08-29 10:10,WL-Exit,3496.8,1,34716,249,0.72,250.5,0.72,-9.5,-0.03,1019,2.04
337,Entry long,2025-08-29 08:35,W-Long,3471.6,1,34716,249,0.72,250.5,0.72,-9.5,-0.03,1019,2.04
338,Exit long,2025-09-01 03:00,WL-Exit,3546,1,35535,-78,-0.22,34.5,0.10,-76.5,-0.22,941,1.88
338,Entry long,2025-09-01 02:25,W-Long,3553.5,1,35535,-78,-0.22,34.5,0.10,-76.5,-0.22,941,1.88
339,Exit long,2025-09-02 08:25,WL-Exit,3545.1,1,35555,-107,-0.30,84.5,0.24,-105.5,-0.30,834,1.67
339,Entry long,2025-09-02 07:05,W-Long,3555.5,1,35555,-107,-0.30,84.5,0.24,-105.5,-0.30,834,1.67
340,Exit long,2025-09-03 14:05,WL-Exit,3639.2,1,35753,636,1.78,637.5,1.78,-33.5,-0.09,1470,2.94
340,Entry long,2025-09-02 10:45,W-Long,3575.3,1,35753,636,1.78,637.5,1.78,-33.5,-0.09,1470,2.94
341,Exit long,2025-09-04 10:00,WL-Exit,3592.2,1,36019,-100,-0.28,156.5,0.43,-98.5,-0.27,1370,2.74
341,Entry long,2025-09-04 04:05,W-Long,3601.9,1,36019,-100,-0.28,156.5,0.43,-98.5,-0.27,1370,2.74
342,Exit long,2025-09-07 18:00,WL-Exit,3626.1,1,36478,-220,-0.60,75.5,0.21,-218.5,-0.60,1150,2.30
342,Entry long,2025-09-05 09:50,W-Long,3647.8,1,36478,-220,-0.60,75.5,0.21,-218.5,-0.60,1150,2.30
343,Exit long,2025-09-08 21:20,WL-Exit,3686.3,1,36553,307,0.84,308.5,0.84,-73.5,-0.20,1457,2.91
343,Entry long,2025-09-08 04:25,W-Long,3655.3,1,36553,307,0.84,308.5,0.84,-73.5,-0.20,1457,2.91
344,Exit long,2025-09-09 08:40,WL-Exit,3683.5,1,36948,-116,-0.31,8.5,0.02,-114.5,-0.31,1341,2.68
344,Entry long,2025-09-09 05:15,W-Long,3694.8,1,36948,-116,-0.31,8.5,0.02,-114.5,-0.31,1341,2.68
345,Exit long,2025-09-11 20:20,WL-Exit,3668.2,1,36786,-107,-0.29,8.5,0.02,-105.5,-0.29,1234,2.47
345,Entry long,2025-09-11 12:15,W-Long,3678.6,1,36786,-107,-0.29,8.5,0.02,-105.5,-0.29,1234,2.47
346,Exit long,2025-09-12 11:05,WL-Exit,3682.8,1,36890,-65,-0.18,35.5,0.10,-63.5,-0.17,1169,2.34
346,Entry long,2025-09-12 09:45,W-Long,3689,1,36890,-65,-0.18,35.5,0.10,-63.5,-0.17,1169,2.34
347,Exit long,2025-09-12 16:35,WL-Exit,3679.6,1,36866,-73,-0.20,20.5,0.06,-71.5,-0.19,1096,2.19
347,Entry long,2025-09-12 13:30,W-Long,3686.6,1,36866,-73,-0.20,20.5,0.06,-71.5,-0.19,1096,2.19
348,Exit long,2025-09-15 05:20,WL-Exit,3676.9,1,36824,-58,-0.16,2.5,0.01,-56.5,-0.15,1038,2.08
348,Entry long,2025-09-15 05:00,W-Long,3682.4,1,36824,-58,-0.16,2.5,0.01,-56.5,-0.15,1038,2.08
349,Exit long,2025-09-15 11:55,WL-Exit,3721.2,1,36919,290,0.79,291.5,0.79,-8.5,-0.02,1328,2.66
349,Entry long,2025-09-15 09:35,W-Long,3691.9,1,36919,290,0.79,291.5,0.79,-8.5,-0.02,1328,2.66
350,Exit long,2025-09-16 11:05,WL-Exit,3716.3,1,37230,-70,-0.19,166.5,0.45,-68.5,-0.18,1258,2.52
350,Entry long,2025-09-16 02:20,W-Long,3723,1,37230,-70,-0.19,166.5,0.45,-68.5,-0.18,1258,2.52
351,Exit long,2025-09-18 09:25,WL-Exit,3686.2,1,36952,-93,-0.25,120.5,0.33,-91.5,-0.25,1165,2.33
351,Entry long,2025-09-18 04:40,W-Long,3695.2,1,36952,-93,-0.25,120.5,0.33,-91.5,-0.25,1165,2.33
352,Exit long,2025-09-19 04:15,WL-Exit,3681.8,1,36868,-53,-0.14,6.5,0.02,-51.5,-0.14,1112,2.22
352,Entry long,2025-09-19 03:55,W-Long,3686.8,1,36868,-53,-0.14,6.5,0.02,-51.5,-0.14,1112,2.22
353,Exit long,2025-09-22 11:25,WL-Exit,3764.4,1,37064,577,1.56,578.5,1.56,-67.5,-0.18,1689,3.38
353,Entry long,2025-09-19 11:15,W-Long,3706.4,1,37064,577,1.56,578.5,1.56,-67.5,-0.18,1689,3.38
354,Exit long,2025-09-25 08:50,WL-Exit,3764.9,1,37765,-119,-0.32,154.5,0.41,-117.5,-0.31,1570,3.14
354,Entry long,2025-09-25 02:15,W-Long,3776.5,1,37765,-119,-0.32,154.5,0.41,-117.5,-0.31,1570,3.14
355,Exit long,2025-09-26 10:15,WL-Exit,3806.1,1,37842,216,0.57,217.5,0.57,-59.5,-0.16,1786,3.57
355,Entry long,2025-09-26 08:35,W-Long,3784.2,1,37842,216,0.57,217.5,0.57,-59.5,-0.16,1786,3.57
356,Exit long,2025-09-29 23:45,WL-Exit,3893,1,38080,847,2.22,848.5,2.23,-225.5,-0.59,2633,5.27
356,Entry long,2025-09-26 10:20,W-Long,3808,1,38080,847,2.22,848.5,2.23,-225.5,-0.59,2633,5.27
357,Exit long,2025-10-06 01:05,WL-Exit,3966.7,1,38726,938,2.42,939.5,2.43,-301.5,-0.78,3571,7.14
357,Entry long,2025-09-30 10:15,W-Long,3872.6,1,38726,938,2.42,939.5,2.43,-301.5,-0.78,3571,7.14
358,Exit long,2025-10-06 08:35,WL-Exit,3951.3,1,39650,-140,-0.35,84.5,0.21,-138.5,-0.35,3431,6.86
358,Entry long,2025-10-06 03:50,W-Long,3965,1,39650,-140,-0.35,84.5,0.21,-138.5,-0.35,3431,6.86
359,Exit long,2025-10-07 22:35,WL-Exit,4030.2,1,39781,518,1.30,519.5,1.31,-147.5,-0.37,3949,7.90
359,Entry long,2025-10-06 10:35,W-Long,3978.1,1,39781,518,1.30,519.5,1.31,-147.5,-0.37,3949,7.90
360,Exit long,2025-10-09 09:45,WL-Exit,4042.2,1,40612,-193,-0.48,164.5,0.41,-191.5,-0.47,3756,7.51
360,Entry long,2025-10-09 05:05,W-Long,4061.2,1,40612,-193,-0.48,164.5,0.41,-191.5,-0.47,3756,7.51
361,Exit long,2025-10-10 09:55,WL-Exit,3994,1,40034,-97,-0.24,168.5,0.42,-95.5,-0.24,3659,7.32
361,Entry long,2025-10-10 04:50,W-Long,4003.4,1,40034,-97,-0.24,168.5,0.42,-95.5,-0.24,3659,7.32
362,Exit long,2025-10-10 12:15,WL-Exit,3991.9,1,40126,-210,-0.52,257.5,0.64,-208.5,-0.52,3449,6.90
362,Entry long,2025-10-10 11:05,W-Long,4012.6,1,40126,-210,-0.52,257.5,0.64,-208.5,-0.52,3449,6.90
363,Exit long,2025-10-13 12:05,WL-Exit,4132.6,1,41000,323,0.79,324.5,0.79,-81.5,-0.20,3772,7.54
363,Entry long,2025-10-13 06:50,W-Long,4100,1,41000,323,0.79,324.5,0.79,-81.5,-0.20,3772,7.54
364,Exit long,2025-10-13 15:05,WL-Exit,4110.4,1,41324,-223,-0.54,44.5,0.11,-221.5,-0.54,3549,7.10
364,Entry long,2025-10-13 12:10,W-Long,4132.4,1,41324,-223,-0.54,44.5,0.11,-221.5,-0.54,3549,7.10
365,Exit long,2025-10-16 08:35,WL-Exit,4248,1,42592,-115,-0.27,73.5,0.17,-113.5,-0.27,3434,6.87
365,Entry long,2025-10-16 07:00,W-Long,4259.2,1,42592,-115,-0.27,73.5,0.17,-113.5,-0.27,3434,6.87
366,Exit long,2025-10-16 12:35,WL-Exit,4281.4,1,42998,-187,-0.43,82.5,0.19,-185.5,-0.43,3247,6.49
366,Entry long,2025-10-16 12:20,W-Long,4299.8,1,42998,-187,-0.43,82.5,0.19,-185.5,-0.43,3247,6.49
367,Exit long,2025-10-21 03:30,WL-Exit,4328.4,1,43714,-433,-0.99,264.5,0.61,-431.5,-0.99,2814,5.63
367,Entry long,2025-10-20 11:20,W-Long,4371.4,1,43714,-433,-0.99,264.5,0.61,-431.5,-0.99,2814,5.63
368,Exit long,2025-10-29 18:00,WL-Exit,3925.6,1,39653,-400,-1.01,813.5,2.05,-398.5,-1.00,2414,4.83
368,Entry long,2025-10-28 10:30,W-Long,3965.3,1,39653,-400,-1.01,813.5,2.05,-398.5,-1.00,2414,4.83
369,Exit long,2025-11-04 09:25,WL-Exit,3969.4,1,40108,-417,-1.04,487.5,1.22,-415.5,-1.04,1997,3.99
369,Entry long,2025-10-30 10:05,W-Long,4010.8,1,40108,-417,-1.04,487.5,1.22,-415.5,-1.04,1997,3.99
370,Exit long,2025-11-06 07:50,WL-Exit,4014.6,1,40256,-113,-0.28,31.5,0.08,-111.5,-0.28,1884,3.77
370,Entry long,2025-11-06 06:40,W-Long,4025.6,1,40256,-113,-0.28,31.5,0.08,-111.5,-0.28,1884,3.77
371,Exit long,2025-11-07 09:30,WL-Exit,3997.9,1,40154,-178,-0.44,68.5,0.17,-176.5,-0.44,1706,3.41
371,Entry long,2025-11-07 02:05,W-Long,4015.4,1,40154,-178,-0.44,68.5,0.17,-176.5,-0.44,1706,3.41
372,Exit long,2025-11-10 04:15,WL-Exit,4079.7,1,40896,-102,-0.25,39.5,0.10,-100.5,-0.25,1604,3.21
372,Entry long,2025-11-10 03:10,W-Long,4089.6,1,40896,-102,-0.25,39.5,0.10,-100.5,-0.25,1604,3.21
373,Exit long,2025-11-11 09:30,WL-Exit,4132.7,1,41481,-157,-0.38,51.5,0.12,-155.5,-0.37,1447,2.89
373,Entry long,2025-11-11 04:05,W-Long,4148.1,1,41481,-157,-0.38,51.5,0.12,-155.5,-0.37,1447,2.89
374,Exit long,2025-11-13 07:55,WL-Exit,4248.8,1,42201,284,0.67,285.5,0.68,-41.5,-0.10,1731,3.46
374,Entry long,2025-11-13 02:30,W-Long,4220.1,1,42201,284,0.67,285.5,0.68,-41.5,-0.10,1731,3.46
375,Exit long,2025-11-13 08:00,WL-Exit,4233,1,42472,-145,-0.34,13.5,0.03,-143.5,-0.34,1586,3.17
375,Entry long,2025-11-13 08:00,W-Long,4247.2,1,42472,-145,-0.34,13.5,0.03,-143.5,-0.34,1586,3.17
376,Exit long,2025-11-17 06:00,WL-Exit,4062.8,1,40866,-241,-0.59,101.5,0.25,-239.5,-0.59,1345,2.69
376,Entry long,2025-11-17 02:50,W-Long,4086.6,1,40866,-241,-0.59,101.5,0.25,-239.5,-0.59,1345,2.69
377,Exit long,2025-11-17 08:35,WL-Exit,4073.2,1,40888,-159,-0.39,47.5,0.12,-157.5,-0.39,1186,2.37
377,Entry long,2025-11-17 08:05,W-Long,4088.8,1,40888,-159,-0.39,47.5,0.12,-157.5,-0.39,1186,2.37
378,Exit long,2025-11-18 07:25,WL-Exit,4034.1,1,40480,-142,-0.35,16.5,0.04,-140.5,-0.35,1044,2.09
378,Entry long,2025-11-18 05:50,W-Long,4048,1,40480,-142,-0.35,16.5,0.04,-140.5,-0.35,1044,2.09
379,Exit long,2025-11-20 11:55,WL-Exit,4052.3,1,40715,-195,-0.48,352.5,0.87,-193.5,-0.48,849,1.70
379,Entry long,2025-11-20 07:15,W-Long,4071.5,1,40715,-195,-0.48,352.5,0.87,-193.5,-0.48,849,1.70
380,Exit long,2025-11-21 05:20,WL-Exit,4031.9,1,40554,-238,-0.59,49.5,0.12,-236.5,-0.58,611,1.22
380,Entry long,2025-11-21 04:15,W-Long,4055.4,1,40554,-238,-0.59,49.5,0.12,-236.5,-0.58,611,1.22
381,Exit long,2025-11-21 10:40,WL-Exit,4053.8,1,40751,-216,-0.53,77.5,0.19,-214.5,-0.53,395,0.79
381,Entry long,2025-11-21 08:50,W-Long,4075.1,1,40751,-216,-0.53,77.5,0.19,-214.5,-0.53,395,0.79
382,Exit long,2025-11-21 15:30,WL-Exit,4057.9,1,40925,-349,-0.85,0,0.00,-347.5,-0.85,46,0.09
382,Entry long,2025-11-21 12:05,W-Long,4092.5,1,40925,-349,-0.85,0,0.00,-347.5,-0.85,46,0.09
383,Exit long,2025-11-24 08:30,WL-Exit,4083.4,1,40553,278,0.69,279.5,0.69,-19.5,-0.05,324,0.65
383,Entry long,2025-11-24 02:35,W-Long,4055.3,1,40553,278,0.69,279.5,0.69,-19.5,-0.05,324,0.65
384,Exit long,2025-11-25 14:20,WL-Exit,4127.3,1,41442,-172,-0.42,118.5,0.29,-170.5,-0.41,152,0.30
384,Entry long,2025-11-25 12:05,W-Long,4144.2,1,41442,-172,-0.42,118.5,0.29,-170.5,-0.41,152,0.30
385,Exit long,2025-11-27 04:15,WL-Exit,4183.4,1,41935,-104,-0.25,60.5,0.14,-102.5,-0.24,48,0.10
385,Entry long,2025-11-27 02:15,W-Long,4193.5,1,41935,-104,-0.25,60.5,0.14,-102.5,-0.24,48,0.10
386,Exit long,2025-11-27 07:40,WL-Exit,4187.4,1,41932,-61,-0.15,12.5,0.03,-59.5,-0.14,-13,-0.03
386,Entry long,2025-11-27 06:45,W-Long,4193.2,1,41932,-61,-0.15,12.5,0.03,-59.5,-0.14,-13,-0.03
387,Exit long,2025-11-30 20:55,WL-Exit,4288.6,1,42495,388,0.91,389.5,0.92,-86.5,-0.20,375,0.75
387,Entry long,2025-11-28 12:55,W-Long,4249.5,1,42495,388,0.91,389.5,0.92,-86.5,-0.20,375,0.75
388,Exit long,2025-12-01 09:35,WL-Exit,4263.9,1,42738,-102,-0.24,255.5,0.60,-100.5,-0.24,273,0.55
388,Entry long,2025-12-01 02:30,W-Long,4273.8,1,42738,-102,-0.24,255.5,0.60,-100.5,-0.24,273,0.55
389,Exit long,2025-12-02 10:15,WL-Exit,4229.9,1,42430,-134,-0.32,192.5,0.45,-132.5,-0.31,139,0.28
389,Entry long,2025-12-02 08:05,W-Long,4243,1,42430,-134,-0.32,192.5,0.45,-132.5,-0.31,139,0.28
390,Exit long,2025-12-08 10:05,WL-Exit,4215,1,42396,-249,-0.59,508.5,1.20,-247.5,-0.58,-110,-0.22
390,Entry long,2025-12-04 09:35,W-Long,4239.6,1,42396,-249,-0.59,508.5,1.20,-247.5,-0.58,-110,-0.22
391,Exit long,2025-12-09 10:55,WL-Exit,4243,1,42194,233,0.55,234.5,0.56,-26.5,-0.06,123,0.25
391,Entry long,2025-12-09 03:45,W-Long,4219.4,1,42194,233,0.55,234.5,0.56,-26.5,-0.06,123,0.25
392,Exit long,2025-12-10 04:00,WL-Exit,4224.4,1,42423,-182,-0.43,90.5,0.21,-180.5,-0.43,-59,-0.12
392,Entry long,2025-12-09 11:00,W-Long,4242.3,1,42423,-182,-0.43,90.5,0.21,-180.5,-0.43,-59,-0.12
393,Exit long,2025-12-12 03:30,WL-Exit,4327.5,1,42637,635,1.49,636.5,1.49,-98.5,-0.23,576,1.15
393,Entry long,2025-12-11 09:35,W-Long,4263.7,1,42637,635,1.49,636.5,1.49,-98.5,-0.23,576,1.15
394,Exit long,2025-12-12 11:00,WL-Exit,4312.6,1,43402,-279,-0.64,471.5,1.09,-277.5,-0.64,297,0.59
394,Entry long,2025-12-12 04:35,W-Long,4340.2,1,43402,-279,-0.64,471.5,1.09,-277.5,-0.64,297,0.59
395,Exit long,2025-12-15 06:05,WL-Exit,4370.4,1,43794,-93,-0.21,46.5,0.11,-91.5,-0.21,204,0.41
395,Entry long,2025-12-15 03:30,W-Long,4379.4,1,43794,-93,-0.21,46.5,0.11,-91.5,-0.21,204,0.41
396,Exit long,2025-12-15 08:05,WL-Exit,4371.7,1,43787,-73,-0.17,36.5,0.08,-71.5,-0.16,131,0.26
396,Entry long,2025-12-15 07:05,W-Long,4378.7,1,43787,-73,-0.17,36.5,0.08,-71.5,-0.16,131,0.26
397,Exit long,2025-12-19 05:30,WL-Exit,4352.8,1,43594,-69,-0.16,28.5,0.07,-67.5,-0.15,62,0.12
397,Entry long,2025-12-19 04:45,W-Long,4359.4,1,43594,-69,-0.16,28.5,0.07,-67.5,-0.15,62,0.12
398,Exit long,2025-12-21 19:30,WL-Exit,4396.8,1,43616,349,0.80,350.5,0.80,-111.5,-0.26,411,0.82
398,Entry long,2025-12-19 08:10,W-Long,4361.6,1,43616,349,0.80,350.5,0.80,-111.5,-0.26,411,0.82
399,Exit long,2025-12-22 11:05,WL-Exit,4472.2,1,44470,249,0.56,250.5,0.56,-76.5,-0.17,660,1.32
399,Entry long,2025-12-22 07:05,W-Long,4447,1,44470,249,0.56,250.5,0.56,-76.5,-0.17,660,1.32
400,Exit long,2025-12-22 18:45,WL-Exit,4493.9,1,44690,246,0.55,247.5,0.55,-52.5,-0.12,906,1.81
400,Entry long,2025-12-22 11:35,W-Long,4469,1,44690,246,0.55,247.5,0.55,-52.5,-0.12,906,1.81
401,Exit long,2025-12-23 04:05,WL-Exit,4513.8,1,45230,-95,-0.21,13.5,0.03,-93.5,-0.21,811,1.62
401,Entry long,2025-12-23 03:45,W-Long,4523,1,45230,-95,-0.21,13.5,0.03,-93.5,-0.21,811,1.62
402,Exit long,2025-12-23 08:50,WL-Exit,4511.9,1,45196,-80,-0.18,94.5,0.21,-78.5,-0.17,731,1.46
402,Entry long,2025-12-23 06:45,W-Long,4519.6,1,45196,-80,-0.18,94.5,0.21,-78.5,-0.17,731,1.46
403,Exit long,2025-12-26 04:55,WL-Exit,4541.6,1,45492,-79,-0.17,20.5,0.05,-77.5,-0.17,652,1.30
403,Entry long,2025-12-26 04:00,W-Long,4549.2,1,45492,-79,-0.17,20.5,0.05,-77.5,-0.17,652,1.30
404,Exit long,2025-12-28 19:20,WL-Exit,4531.1,1,45453,-145,-0.32,385.5,0.85,-143.5,-0.32,507,1.01
404,Entry long,2025-12-26 08:20,W-Long,4545.3,1,45453,-145,-0.32,385.5,0.85,-143.5,-0.32,507,1.01
405,Exit long,2025-12-30 09:40,WL-Exit,4381,1,43935,-128,-0.29,268.5,0.61,-126.5,-0.29,379,0.76
405,Entry long,2025-12-30 05:20,W-Long,4393.5,1,43935,-128,-0.29,268.5,0.61,-126.5,-0.29,379,0.76
406,Exit long,2026-01-02 08:20,WL-Exit,4394.8,1,44067,-122,-0.28,81.5,0.18,-120.5,-0.27,257,0.51
406,Entry long,2026-01-02 05:40,W-Long,4406.7,1,44067,-122,-0.28,81.5,0.18,-120.5,-0.27,257,0.51
407,Exit long,2026-01-05 06:25,WL-Exit,4426.8,1,44376,-111,-0.25,138.5,0.31,-109.5,-0.25,146,0.29
407,Entry long,2026-01-05 03:20,W-Long,4437.6,1,44376,-111,-0.25,138.5,0.31,-109.5,-0.25,146,0.29
408,Exit long,2026-01-08 00:40,WL-Exit,4425,1,44480,-233,-0.52,640.5,1.44,-231.5,-0.52,-87,-0.17
408,Entry long,2026-01-05 09:50,W-Long,4448,1,44480,-233,-0.52,640.5,1.44,-231.5,-0.52,-87,-0.17
409,Exit long,2026-01-09 10:20,WL-Exit,4510.6,1,44452,651,1.46,652.5,1.47,-89.5,-0.20,564,1.13
409,Entry long,2026-01-08 09:50,W-Long,4445.2,1,44452,651,1.46,652.5,1.47,-89.5,-0.20,564,1.13
410,Exit long,2026-01-12 10:30,WL-Exit,4633.4,1,45942,389,0.85,390.5,0.85,-62.5,-0.14,953,1.91
410,Entry long,2026-01-12 02:15,W-Long,4594.2,1,45942,389,0.85,390.5,0.85,-62.5,-0.14,953,1.91
411,Exit long,2026-01-13 10:15,WL-Exit,4616,1,46347,-190,-0.41,91.5,0.20,-188.5,-0.41,763,1.53
411,Entry long,2026-01-13 09:45,W-Long,4634.7,1,46347,-190,-0.41,91.5,0.20,-188.5,-0.41,763,1.53
412,Exit long,2026-01-15 08:30,WL-Exit,4602.8,1,46133,-108,-0.23,137.5,0.30,-106.5,-0.23,655,1.31
412,Entry long,2026-01-15 04:40,W-Long,4613.3,1,46133,-108,-0.23,137.5,0.30,-106.5,-0.23,655,1.31
413,Exit long,2026-01-15 11:40,WL-Exit,4610.6,1,46270,-167,-0.36,28.5,0.06,-165.5,-0.36,488,0.98
413,Entry long,2026-01-15 11:15,W-Long,4627,1,46270,-167,-0.36,28.5,0.06,-165.5,-0.36,488,0.98
414,Exit long,2026-01-16 10:20,WL-Exit,4596.3,1,46216,-256,-0.55,18.5,0.04,-254.5,-0.55,232,0.46
414,Entry long,2026-01-16 10:10,W-Long,4621.6,1,46216,-256,-0.55,18.5,0.04,-254.5,-0.55,232,0.46
415,Exit long,2026-01-19 14:15,WL-Exit,4677.6,1,46846,-73,-0.16,1.5,0.00,-71.5,-0.15,159,0.32
415,Entry long,2026-01-19 13:25,W-Long,4684.6,1,46846,-73,-0.16,1.5,0.00,-71.5,-0.15,159,0.32
416,Exit long,2026-01-20 13:05,WL-Exit,4768.5,1,47240,442,0.94,443.5,0.94,-43.5,-0.09,601,1.20
416,Entry long,2026-01-20 02:30,W-Long,4724,1,47240,442,0.94,443.5,0.94,-43.5,-0.09,601,1.20
417,Exit long,2026-01-22 04:30,WL-Exit,4819.3,1,48320,-130,-0.27,87.5,0.18,-128.5,-0.27,471,0.94
417,Entry long,2026-01-22 02:05,W-Long,4832,1,48320,-130,-0.27,87.5,0.18,-128.5,-0.27,471,0.94
418,Exit long,2026-01-22 07:55,WL-Exit,4825.1,1,48356,-108,-0.22,27.5,0.06,-106.5,-0.22,363,0.73
418,Entry long,2026-01-22 06:50,W-Long,4835.6,1,48356,-108,-0.22,27.5,0.06,-106.5,-0.22,363,0.73
419,Exit long,2026-01-22 19:55,WL-Exit,4966.4,1,48564,1097,2.26,1098.5,2.26,-3.5,-0.01,1460,2.92
419,Entry long,2026-01-22 10:30,W-Long,4856.4,1,48564,1097,2.26,1098.5,2.26,-3.5,-0.01,1460,2.92
420,Exit long,2026-01-23 08:20,WL-Exit,4930,1,49444,-147,-0.30,42.5,0.09,-145.5,-0.29,1313,2.63
420,Entry long,2026-01-23 08:05,W-Long,4944.4,1,49444,-147,-0.30,42.5,0.09,-145.5,-0.29,1313,2.63
421,Exit long,2026-01-25 18:00,WL-Exit,5027.5,1,49541,731,1.48,732.5,1.48,-153.5,-0.31,2044,4.09
421,Entry long,2026-01-23 09:50,W-Long,4954.1,1,49541,731,1.48,732.5,1.48,-153.5,-0.31,2044,4.09
422,Exit long,2026-01-26 07:30,WL-Exit,5082.3,1,50948,-128,-0.25,1.5,0.00,-126.5,-0.25,1916,3.83
422,Entry long,2026-01-26 07:25,W-Long,5094.8,1,50948,-128,-0.25,1.5,0.00,-126.5,-0.25,1916,3.83
423,Exit long,2026-01-26 14:00,WL-Exit,5051.1,1,50893,-385,-0.76,133.5,0.26,-383.5,-0.75,1531,3.06
423,Entry long,2026-01-26 10:05,W-Long,5089.3,1,50893,-385,-0.76,133.5,0.26,-383.5,-0.75,1531,3.06
424,Exit long,2026-01-27 03:25,WL-Exit,5074.1,1,50922,-184,-0.36,47.5,0.09,-182.5,-0.36,1347,2.69
424,Entry long,2026-01-27 02:35,W-Long,5092.2,1,50922,-184,-0.36,47.5,0.09,-182.5,-0.36,1347,2.69
425,Exit long,2026-02-02 10:50,WL-Exit,4665.5,1,47757,-1105,-2.31,615.5,1.29,-1103.5,-2.31,242,0.48
425,Entry long,2026-02-02 06:20,W-Long,4775.7,1,47757,-1105,-2.31,615.5,1.29,-1103.5,-2.31,242,0.48
426,Exit long,2026-02-03 20:05,WL-Exit,5054.6,1,49227,1316,2.67,1317.5,2.68,-212.5,-0.43,1558,3.12
426,Entry long,2026-02-03 02:30,W-Long,4922.7,1,49227,1316,2.67,1317.5,2.68,-212.5,-0.43,1558,3.12
427,Exit long,2026-02-08 18:00,WL-Exit,5012.1,1,48855,1263,2.59,1264.5,2.59,-247.5,-0.51,2821,5.64
427,Entry long,2026-02-06 03:40,W-Long,4885.5,1,48855,1263,2.59,1264.5,2.59,-247.5,-0.51,2821,5.64
428,Exit long,2026-02-09 18:10,WL-Exit,5040.3,1,50772,-372,-0.73,344.5,0.68,-370.5,-0.73,2449,4.90
428,Entry long,2026-02-09 10:35,W-Long,5077.2,1,50772,-372,-0.73,344.5,0.68,-370.5,-0.73,2449,4.90
429,Exit long,2026-02-10 10:35,WL-Exit,5037.1,1,50707,-339,-0.67,318.5,0.63,-337.5,-0.67,2110,4.22
429,Entry long,2026-02-10 03:45,W-Long,5070.7,1,50707,-339,-0.67,318.5,0.63,-337.5,-0.67,2110,4.22
430,Exit long,2026-02-12 03:30,WL-Exit,5075.4,1,50938,-187,-0.37,9.5,0.02,-185.5,-0.36,1923,3.85
430,Entry long,2026-02-12 03:10,W-Long,5093.8,1,50938,-187,-0.37,9.5,0.02,-185.5,-0.36,1923,3.85
431,Exit long,2026-02-12 05:10,WL-Exit,5087.4,1,51008,-137,-0.27,6.5,0.01,-135.5,-0.27,1786,3.57
431,Entry long,2026-02-12 04:55,W-Long,5100.8,1,51008,-137,-0.27,6.5,0.01,-135.5,-0.27,1786,3.57
432,Exit long,2026-02-12 09:15,WL-Exit,5079.2,1,50984,-195,-0.38,27.5,0.05,-193.5,-0.38,1591,3.18
432,Entry long,2026-02-12 09:00,W-Long,5098.4,1,50984,-195,-0.38,27.5,0.05,-193.5,-0.38,1591,3.18
433,Exit long,2026-02-13 06:00,WL-Exit,4965.2,1,50055,-406,-0.81,36.5,0.07,-404.5,-0.81,1185,2.37
433,Entry long,2026-02-13 03:10,W-Long,5005.5,1,50055,-406,-0.81,36.5,0.07,-404.5,-0.81,1185,2.37
434,Exit long,2026-02-16 00:00,WL-Exit,4988.4,1,50504,-623,-1.23,284.5,0.56,-621.5,-1.23,562,1.12
434,Entry long,2026-02-13 11:30,W-Long,5050.4,1,50504,-623,-1.23,284.5,0.56,-621.5,-1.23,562,1.12
435,Exit long,2026-02-16 09:40,WL-Exit,5004.6,1,50278,-235,-0.47,96.5,0.19,-233.5,-0.46,327,0.65
435,Entry long,2026-02-16 02:50,W-Long,5027.8,1,50278,-235,-0.47,96.5,0.19,-233.5,-0.46,327,0.65
436,Exit long,2026-03-16 02:45,WL-Exit,5014.2,1,50307,-168,-0.33,91.5,0.18,-166.5,-0.33,159,0.32
436,Entry long,2026-03-16 02:15,W-Long,5030.7,1,50307,-168,-0.33,91.5,0.18,-166.5,-0.33,159,0.32
437,Exit short,2026-03-19 02:50,MS-Exit,4754,1,48238,695,1.44,696.5,1.44,-44.5,-0.09,854,1.71
437,Entry short,2026-03-19 02:20,M-Short,4823.8,1,48238,695,1.44,696.5,1.44,-44.5,-0.09,854,1.71
438,Exit short,2026-03-20 14:55,MS-Exit,4485.3,1,47166,2310,4.90,2311.5,4.90,-220.5,-0.47,3164,6.33
438,Entry short,2026-03-19 04:10,M-Short,4716.6,1,47166,2310,4.90,2311.5,4.90,-220.5,-0.47,3164,6.33
439,Exit short,2026-03-24 16:20,MS-Exit,4436.1,1,43833,-531,-1.21,326.5,0.74,-529.5,-1.21,2633,5.27
439,Entry short,2026-03-24 08:35,M-Short,4383.3,1,43833,-531,-1.21,326.5,0.74,-529.5,-1.21,2633,5.27
440,Exit short,2026-03-26 09:45,MS-Exit,4454.2,1,44243,-302,-0.68,109.5,0.25,-300.5,-0.68,2331,4.66
440,Entry short,2026-03-26 07:55,M-Short,4424.3,1,44243,-302,-0.68,109.5,0.25,-300.5,-0.68,2331,4.66
441,Exit short,2026-03-27 08:35,MS-Exit,4429.9,1,44105,-197,-0.45,113.5,0.26,-195.5,-0.44,2134,4.27
441,Entry short,2026-03-27 06:45,M-Short,4410.5,1,44105,-197,-0.45,113.5,0.26,-195.5,-0.44,2134,4.27
442,Exit short,2026-03-31 04:00,MS-Exit,4597.2,1,45762,-213,-0.47,1.5,0.00,-211.5,-0.46,1921,3.84
442,Entry short,2026-03-31 03:20,M-Short,4576.2,1,45762,-213,-0.47,1.5,0.00,-211.5,-0.46,1921,3.84
443,Exit short,2026-03-31 07:15,MS-Exit,4595,1,45639,-314,-0.69,47.5,0.10,-312.5,-0.68,1607,3.21
443,Entry short,2026-03-31 06:40,M-Short,4563.9,1,45639,-314,-0.69,47.5,0.10,-312.5,-0.68,1607,3.21
444,Exit short,2026-04-07 04:20,MS-Exit,4700.3,1,46845,-161,-0.34,432.5,0.92,-159.5,-0.34,1446,2.89
444,Entry short,2026-04-06 13:05,M-Short,4684.5,1,46845,-161,-0.34,432.5,0.92,-159.5,-0.34,1446,2.89
445,Exit short,2026-04-07 13:35,MS-Exit,4712.1,1,46606,-518,-1.11,288.5,0.62,-516.5,-1.11,928,1.86
445,Entry short,2026-04-07 07:15,M-Short,4660.6,1,46606,-518,-1.11,288.5,0.62,-516.5,-1.11,928,1.86
446,Exit long,2026-04-10 10:20,WL-Exit,4815.9,1,47852,304,0.64,305.5,0.64,-32.5,-0.07,1232,2.46
446,Entry long,2026-04-10 07:25,W-Long,4785.2,1,47852,304,0.64,305.5,0.64,-32.5,-0.07,1232,2.46
447,Exit long,2026-04-10 11:35,WL-Exit,4788,1,48153,-276,-0.57,43.5,0.09,-274.5,-0.57,956,1.91
447,Entry long,2026-04-10 10:30,W-Long,4815.3,1,48153,-276,-0.57,43.5,0.09,-274.5,-0.57,956,1.91
448,Exit short,2026-04-13 12:15,MS-Exit,4751.5,1,47304,-214,-0.45,77.5,0.16,-212.5,-0.45,742,1.48
448,Entry short,2026-04-13 11:05,M-Short,4730.4,1,47304,-214,-0.45,77.5,0.16,-212.5,-0.45,742,1.48
449,Exit short,2026-04-14 09:15,MS-Exit,4808.5,1,47882,-206,-0.43,41.5,0.09,-204.5,-0.43,536,1.07
449,Entry short,2026-04-14 08:25,M-Short,4788.2,1,47882,-206,-0.43,41.5,0.09,-204.5,-0.43,536,1.07
450,Exit long,2026-04-16 08:10,WL-Exit,4834.2,1,48440,-101,-0.21,8.5,0.02,-99.5,-0.21,435,0.87
450,Entry long,2026-04-16 08:00,W-Long,4844,1,48440,-101,-0.21,8.5,0.02,-99.5,-0.21,435,0.87
451,Exit long,2026-04-17 09:05,WL-Exit,4884.1,1,48208,630,1.31,631.5,1.31,-170.5,-0.35,1065,2.13
451,Entry long,2026-04-17 05:05,W-Long,4820.8,1,48208,630,1.31,631.5,1.31,-170.5,-0.35,1065,2.13
452,Exit long,2026-04-21 01:50,WL-Exit,4802.1,1,48223,-205,-0.43,318.5,0.66,-203.5,-0.42,860,1.72
452,Entry long,2026-04-20 03:20,W-Long,4822.3,1,48223,-205,-0.43,318.5,0.66,-203.5,-0.42,860,1.72
453,Exit short,2026-04-23 07:40,MS-Exit,4722.4,1,47074,-153,-0.33,72.5,0.15,-151.5,-0.32,707,1.41
453,Entry short,2026-04-23 06:10,M-Short,4707.4,1,47074,-153,-0.33,72.5,0.15,-151.5,-0.32,707,1.41
454,Exit short,2026-04-28 05:20,MS-Exit,4628,1,47254,971,2.05,972.5,2.06,-322.5,-0.68,1678,3.36
454,Entry short,2026-04-23 13:20,M-Short,4725.4,1,47254,971,2.05,972.5,2.06,-322.5,-0.68,1678,3.36
455,Exit short,2026-04-28 07:45,MS-Exit,4575.5,1,46301,543,1.17,544.5,1.18,-28.5,-0.06,2221,4.44
455,Entry short,2026-04-28 05:25,M-Short,4630.1,1,46301,543,1.17,544.5,1.18,-28.5,-0.06,2221,4.44
456,Exit short,2026-04-30 04:00,MS-Exit,4633.7,1,45821,-519,-1.13,597.5,1.30,-517.5,-1.13,1702,3.40
456,Entry short,2026-04-28 08:05,M-Short,4582.1,1,45821,-519,-1.13,597.5,1.30,-517.5,-1.13,1702,3.40
457,Exit short,2026-05-01 09:50,MS-Exit,4629.8,1,46146,-155,-0.34,441.5,0.96,-153.5,-0.33,1547,3.09
457,Entry short,2026-05-01 02:10,M-Short,4614.6,1,46146,-155,-0.34,441.5,0.96,-153.5,-0.33,1547,3.09
458,Exit short,2026-05-04 06:15,MS-Exit,4545.2,1,45901,446,0.97,447.5,0.97,-56.5,-0.12,1993,3.99
458,Entry short,2026-05-04 04:00,M-Short,4590.1,1,45901,446,0.97,447.5,0.97,-56.5,-0.12,1993,3.99
459,Exit short,2026-05-04 10:20,MS-Exit,4585.4,1,45662,-195,-0.43,16.5,0.04,-193.5,-0.42,1798,3.60
459,Entry short,2026-05-04 10:10,M-Short,4566.2,1,45662,-195,-0.43,16.5,0.04,-193.5,-0.42,1798,3.60
460,Exit short,2026-05-05 01:35,MS-Exit,4560,1,45203,-400,-0.88,99.5,0.22,-398.5,-0.88,1398,2.80
460,Entry short,2026-05-04 12:10,M-Short,4520.3,1,45203,-400,-0.88,99.5,0.22,-398.5,-0.88,1398,2.80
461,Exit short,2026-05-07 22:00,MS-Exit,4734.2,1,47087,-258,-0.55,349.5,0.74,-256.5,-0.54,1140,2.28
461,Entry short,2026-05-07 13:30,M-Short,4708.7,1,47087,-258,-0.55,349.5,0.74,-256.5,-0.54,1140,2.28
462,Exit short,2026-05-08 08:40,MS-Exit,4738.3,1,47193,-193,-0.41,89.5,0.19,-191.5,-0.41,947,1.89
462,Entry short,2026-05-08 08:10,M-Short,4719.3,1,47193,-193,-0.41,89.5,0.19,-191.5,-0.41,947,1.89
463,Exit short,2026-05-11 08:20,MS-Exit,4689.4,1,46775,-122,-0.26,185.5,0.40,-120.5,-0.26,825,1.65
463,Entry short,2026-05-11 03:55,M-Short,4677.5,1,46775,-122,-0.26,185.5,0.40,-120.5,-0.26,825,1.65
464,Exit short,2026-05-12 11:20,MS-Exit,4659.6,1,47149,550,1.17,551.5,1.17,-49.5,-0.10,1375,2.75
464,Entry short,2026-05-12 02:05,M-Short,4714.9,1,47149,550,1.17,551.5,1.17,-49.5,-0.10,1375,2.75
465,Exit short,2026-05-15 01:00,MS-Exit,4607.1,1,46906,832,1.77,833.5,1.78,-167.5,-0.36,2207,4.41
465,Entry short,2026-05-14 09:35,M-Short,4690.6,1,46906,832,1.77,833.5,1.78,-167.5,-0.36,2207,4.41
466,Exit short,2026-05-27 09:25,MS-Exit,4399.9,1,45675,1673,3.66,1674.5,3.67,-261.5,-0.57,3880,7.76
466,Entry short,2026-05-15 02:05,M-Short,4567.5,1,45675,1673,3.66,1674.5,3.67,-261.5,-0.57,3880,7.76
467,Exit short,2026-06-01 07:20,MS-Exit,4542.5,1,45280,-148,-0.33,97.5,0.22,-146.5,-0.32,3732,7.46
467,Entry short,2026-06-01 03:45,M-Short,4528,1,45280,-148,-0.33,97.5,0.22,-146.5,-0.32,3732,7.46
468,Exit short,2026-06-02 20:00,Open,4507.1,1,45374,300,0.66,468.5,1.03,-66.5,-0.15,4030.5,8.06
468,Entry short,2026-06-02 09:35,M-Short,4537.4,1,45374,300,0.66,468.5,1.03,-66.5,-0.15,4030.5,8.06